datetime,open,high,low,close,volume
2026-03-12T03:00:00+00:00,24709.23,24737.86,24676.61,24708.98,47249
2026-03-12T04:00:00+00:00,24708.98,24730.23,24689.23,24697.98,32309
2026-03-12T05:00:00+00:00,24697.98,24756.48,24697.11,24750.73,57702
2026-03-12T06:00:00+00:00,24750.73,24792.73,24726.23,24788.61,40569
2026-03-12T07:00:00+00:00,24788.61,24851.61,24787.23,24850.36,43843
2026-03-12T08:00:00+00:00,24850.36,24881.11,24816.61,24856.98,77314
2026-03-12T09:00:00+00:00,24856.98,24900.48,24793.36,24896.86,61424
2026-03-12T10:00:00+00:00,24896.86,24905.86,24854.98,24863.36,57271
2026-03-12T11:00:00+00:00,24863.36,24907.36,24830.48,24836.86,60851
2026-03-12T12:00:00+00:00,24836.86,24841.73,24781.36,24813.23,85633
2026-03-12T13:00:00+00:00,24813.23,24832.11,24611.38,24636.38,333587
2026-03-12T14:00:00+00:00,24636.38,24724.88,24553.01,24599.38,379646
2026-03-12T15:00:00+00:00,24599.38,24688.88,24541.76,24645.26,322986
2026-03-12T16:00:00+00:00,24645.26,24713.88,24571.26,24641.76,304334
2026-03-12T17:00:00+00:00,24641.76,24702.63,24565.63,24604.26,214298
2026-03-12T18:00:00+00:00,24604.26,24650.51,24575.26,24579.63,147848
2026-03-12T19:00:00+00:00,24579.63,24622.63,24523.13,24535.63,154977
2026-03-12T20:00:00+00:00,24535.63,24557.11,24497.36,24547.81,39719
2026-03-12T22:00:00+00:00,24547.81,24580.17,24519.42,24565.67,32993
2026-03-12T23:00:00+00:00,24565.67,24592.29,24506.04,24507.67,33599
2026-03-13T00:00:00+00:00,24507.67,24620.67,24473.17,24604.79,72863
2026-03-13T01:00:00+00:00,24604.79,24639.29,24598.04,24608.92,56641
2026-03-13T02:00:00+00:00,24608.92,24629.79,24578.54,24583.04,45470
2026-03-13T03:00:00+00:00,24583.04,24608.17,24561.42,24603.67,41805
2026-03-13T04:00:00+00:00,24603.67,24606.29,24543.04,24554.29,32809
2026-03-13T05:00:00+00:00,24554.29,24578.04,24532.92,24564.54,41516
2026-03-13T06:00:00+00:00,24564.54,24574.17,24455.92,24459.04,50819
2026-03-13T07:00:00+00:00,24459.04,24466.29,24389.54,24426.79,70205
2026-03-13T08:00:00+00:00,24426.79,24502.29,24376.67,24492.04,100888
2026-03-13T09:00:00+00:00,24492.04,24553.54,24489.42,24509.54,73738
2026-03-13T10:00:00+00:00,24509.54,24601.67,24504.67,24596.92,67361
2026-03-13T11:00:00+00:00,24596.92,24644.04,24582.67,24641.42,70900
2026-03-13T12:00:00+00:00,24641.42,24711.67,24609.42,24660.67,96175
2026-03-13T13:00:00+00:00,24660.67,24783.94,24591.57,24705.24,315040
2026-03-13T14:00:00+00:00,24705.24,24743.94,24464.82,24469.57,406146
2026-03-13T15:00:00+00:00,24469.57,24548.57,24373.19,24388.44,275381
2026-03-13T16:00:00+00:00,24388.44,24467.32,24367.57,24376.07,243964
2026-03-13T17:00:00+00:00,24376.07,24453.44,24333.57,24353.69,194731
2026-03-13T18:00:00+00:00,24353.69,24451.44,24348.69,24427.82,148646
2026-03-13T19:00:00+00:00,24427.82,24428.57,24330.57,24374.82,146298
2026-03-13T20:00:00+00:00,24374.82,24378.42,24339.42,24346.62,24597
2026-03-15T22:00:00+00:00,24346.62,24463.07,24268.77,24453.77,28652
2026-03-15T23:00:00+00:00,24453.77,24482.27,24397.52,24427.95,40747
2026-03-16T00:00:00+00:00,24427.95,24513.07,24425.32,24498.7,80562
2026-03-16T01:00:00+00:00,24498.7,24511.95,24457.82,24503.45,93277
2026-03-16T02:00:00+00:00,24503.45,24506.07,24463.07,24477.32,66526
2026-03-16T03:00:00+00:00,24477.32,24526.7,24476.7,24519.82,44376
2026-03-16T04:00:00+00:00,24519.82,24537.2,24494.57,24495.2,37076
2026-03-16T05:00:00+00:00,24495.2,24549.45,24495.07,24547.95,49759
2026-03-16T06:00:00+00:00,24547.95,24553.82,24525.07,24553.07,37414
2026-03-16T07:00:00+00:00,24553.07,24571.45,24493.07,24501.95,58830
2026-03-16T08:00:00+00:00,24501.95,24557.57,24485.95,24517.57,107262
2026-03-16T09:00:00+00:00,24517.57,24523.95,24466.57,24480.57,92033
2026-03-16T10:00:00+00:00,24480.57,24600.57,24476.07,24592.7,80005
2026-03-16T11:00:00+00:00,24592.7,24624.2,24564.82,24613.95,74547
2026-03-16T12:00:00+00:00,24613.95,24676.45,24612.7,24646.2,80875
2026-03-16T13:00:00+00:00,24646.2,24729.22,24612.85,24724.97,221388
2026-03-16T14:00:00+00:00,24724.97,24752.47,24609.47,24682.6,293241
2026-03-16T15:00:00+00:00,24682.6,24726.97,24636.85,24664.22,197577
2026-03-16T16:00:00+00:00,24664.22,24692.22,24608.35,24663.1,219606
2026-03-16T17:00:00+00:00,24663.1,24711.35,24641.1,24670.6,153476
2026-03-16T18:00:00+00:00,24670.6,24722.47,24666.1,24693.1,116889
2026-03-16T19:00:00+00:00,24693.1,24803.72,24626.72,24658.35,240429
2026-03-16T20:00:00+00:00,24658.35,24673.2,24634.57,24645.39,41243
2026-03-16T22:00:00+00:00,24645.39,24652.15,24610.7,24615.2,25710
2026-03-16T23:00:00+00:00,24615.2,24657.7,24612.65,24656.45,23607
2026-03-17T00:00:00+00:00,24656.45,24657.45,24581.7,24591.45,70993
2026-03-17T01:00:00+00:00,24591.45,24624.58,24587.83,24612.95,68698
2026-03-17T02:00:00+00:00,24612.95,24615.95,24564.45,24569.33,49836
2026-03-17T03:00:00+00:00,24569.33,24588.08,24558.83,24569.2,38554
2026-03-17T04:00:00+00:00,24569.2,24625.95,24566.58,24614.2,38138
2026-03-17T05:00:00+00:00,24614.2,24631.2,24532.2,24534.45,53855
2026-03-17T06:00:00+00:00,24534.45,24552.7,24508.83,24533.08,76266
2026-03-17T07:00:00+00:00,24533.08,24594.83,24516.2,24548.9,59703
2026-03-17T08:00:00+00:00,24548.9,24586.58,24517.33,24546.95,116331
2026-03-17T09:00:00+00:00,24546.95,24627.58,24546.83,24621.2,77279
2026-03-17T10:00:00+00:00,24621.2,24621.2,24570.83,24610.2,64626
2026-03-17T11:00:00+00:00,24610.2,24635.83,24588.15,24590.2,37630
2026-03-17T12:00:00+00:00,24590.2,24713.7,24588.65,24707.4,42651
2026-03-17T13:00:00+00:00,24707.4,24902.23,24704.9,24880.4,189420
2026-03-17T14:00:00+00:00,24880.4,24884.9,24786.6,24865.1,117696
2026-03-17T15:00:00+00:00,24865.1,24877.35,24742.6,24781.6,112078
2026-03-17T16:00:00+00:00,24781.6,24816.85,24739.23,24787.85,95984
2026-03-17T17:00:00+00:00,24787.85,24833.98,24786.6,24825.1,58491
2026-03-17T18:00:00+00:00,24825.1,24847.1,24780.98,24792.85,53775
2026-03-17T19:00:00+00:00,24792.85,24816.23,24771.48,24799.48,48824
2026-03-17T20:00:00+00:00,24799.48,24816.7,24792.83,24812.4,13627
2026-03-17T22:00:00+00:00,24812.4,24814.12,24781.92,24797.17,18168
2026-03-17T23:00:00+00:00,24797.17,24814.92,24786.67,24794.8,17054
2026-03-18T00:00:00+00:00,24794.8,24874.039999999997,24788.8,24870.92,38388
2026-03-18T01:00:00+00:00,24870.92,24888.92,24870.92,24887.789999999997,32249
2026-03-18T02:00:00+00:00,24887.789999999997,24919.789999999997,24885.67,24908.789999999997,26976
2026-03-18T03:00:00+00:00,24908.789999999997,24934.42,24898.539999999997,24927.42,20019
2026-03-18T04:00:00+00:00,24927.42,24938.289999999997,24921.289999999997,24930.17,16450
2026-03-18T05:00:00+00:00,24930.17,24960.039999999997,24925.92,24958.539999999997,19953
2026-03-18T06:00:00+00:00,24958.539999999997,24999.92,24956.239999999998,24971.539999999997,26168
2026-03-18T07:00:00+00:00,24971.539999999997,24976.92,24949.039999999997,24952.039999999997,25526
2026-03-18T08:00:00+00:00,24952.039999999997,24975.17,24944.539999999997,24961.789999999997,50737
2026-03-18T09:00:00+00:00,24961.789999999997,24980.039999999997,24949.789999999997,24959.539999999997,35156
2026-03-18T10:00:00+00:00,24959.539999999997,24986.789999999997,24949.92,24951.489999999998,29384
2026-03-18T11:00:00+00:00,24951.489999999998,24966.789999999997,24888.92,24903.17,73964
2026-03-18T12:00:00+00:00,24903.17,24908.67,24662.489999999998,24674.17,142901
2026-03-18T13:00:00+00:00,24674.17,24789.57,24657.789999999997,24760.44,255239
2026-03-18T14:00:00+00:00,24760.44,24775.82,24606.19,24676.44,278841
2026-03-18T15:00:00+00:00,24676.44,24724.07,24653.82,24691.44,189064
2026-03-18T16:00:00+00:00,24691.44,24702.82,24623.94,24637.94,152693
2026-03-18T17:00:00+00:00,24637.94,24674.489999999998,24589.57,24664.489999999998,123773
2026-03-18T18:00:00+00:00,24664.489999999998,24707.07,24535.44,24537.82,212057
2026-03-18T19:00:00+00:00,24537.82,24594.44,24436.94,24447.32,193766
2026-03-18T20:00:00+00:00,24447.32,24473.489999999998,24360.039999999997,24400.989999999998,63209
2026-03-18T22:00:00+00:00,24400.989999999998,24416.329999999998,24359.829999999998,24391.329999999998,16806
2026-03-18T23:00:00+00:00,24391.329999999998,24439.76,24389.579999999998,24414.329999999998,16296
2026-03-19T00:00:00+00:00,24414.329999999998,24440.079999999998,24384.829999999998,24416.079999999998,34892
2026-03-19T01:00:00+00:00,24416.079999999998,24465.329999999998,24402.079999999998,24437.079999999998,29329
2026-03-19T02:00:00+00:00,24437.079999999998,24519.329999999998,24398.579999999998,24491.829999999998,32995
2026-03-19T03:00:00+00:00,24491.829999999998,24511.379999999997,24460.579999999998,24461.329999999998,18799
2026-03-19T04:00:00+00:00,24461.329999999998,24461.329999999998,24407.829999999998,24427.079999999998,21104
2026-03-19T05:00:00+00:00,24427.079999999998,24445.079999999998,24373.329999999998,24391.329999999998,26986
2026-03-19T06:00:00+00:00,24391.329999999998,24436.329999999998,24371.079999999998,24402.829999999998,33081
2026-03-19T07:00:00+00:00,24402.829999999998,24423.329999999998,24342.079999999998,24355.579999999998,47345
2026-03-19T08:00:00+00:00,24355.579999999998,24391.329999999998,24305.579999999998,24345.079999999998,66036
2026-03-19T09:00:00+00:00,24345.079999999998,24447.829999999998,24300.329999999998,24426.829999999998,69654
2026-03-19T10:00:00+00:00,24426.829999999998,24426.829999999998,24369.079999999998,24388.579999999998,37591
2026-03-19T11:00:00+00:00,24388.579999999998,24410.329999999998,24307.329999999998,24342.329999999998,36818
2026-03-19T12:00:00+00:00,24342.329999999998,24354.329999999998,24223.329999999998,24245.579999999998,75548
2026-03-19T13:00:00+00:00,24245.579999999998,24320.03,24127.579999999998,24296.829999999998,207171
2026-03-19T14:00:00+00:00,24296.829999999998,24345.91,24209.66,24291.03,362878
2026-03-19T15:00:00+00:00,24291.03,24377.41,24201.079999999998,24275.329999999998,173181
2026-03-19T16:00:00+00:00,24275.329999999998,24322.53,24225.16,24256.16,112702
2026-03-19T17:00:00+00:00,24256.16,24281.03,24180.579999999998,24253.329999999998,87691
2026-03-19T18:00:00+00:00,24253.329999999998,24322.66,24221.079999999998,24308.079999999998,52520
2026-03-19T19:00:00+00:00,24308.079999999998,24486.079999999998,24305.579999999998,24374.91,106889
2026-03-19T20:00:00+00:00,24374.91,24428.629999999997,24361.879999999997,24395.829999999998,18774
2026-03-19T22:00:00+00:00,24395.829999999998,24434.469999999998,24380.129999999997,24421.84,16175.801205400736
2026-03-19T23:00:00+00:00,24421.84,24443.969999999998,24391.34,24405.469999999998,22156
2026-03-20T00:00:00+00:00,24405.469999999998,24427.84,24368.34,24384.34,42649
2026-03-20T01:00:00+00:00,24384.34,24446.219999999998,24377.969999999998,24403.719999999998,51797
2026-03-20T02:00:00+00:00,24403.719999999998,24427.59,24397.59,24406.469999999998,34867
2026-03-20T03:00:00+00:00,24406.469999999998,24414.34,24383.469999999998,24396.469999999998,25730
2026-03-20T04:00:00+00:00,24396.469999999998,24408.219999999998,24370.84,24371.84,20449
2026-03-20T05:00:00+00:00,24371.84,24388.969999999998,24345.469999999998,24378.469999999998,33200
2026-03-20T06:00:00+00:00,24378.469999999998,24389.84,24305.09,24315.219999999998,33184
2026-03-20T07:00:00+00:00,24315.219999999998,24392.969999999998,24269.469999999998,24379.469999999998,51509
2026-03-20T08:00:00+00:00,24379.469999999998,24400.969999999998,24339.469999999998,24344.719999999998,70007
2026-03-20T09:00:00+00:00,24344.719999999998,24370.969999999998,24194.469999999998,24217.469999999998,94932
2026-03-20T10:00:00+00:00,24217.469999999998,24225.469999999998,24106.219999999998,24192.34,109131
2026-03-20T11:00:00+00:00,24192.34,24253.719999999998,24186.34,24229.719999999998,87693
2026-03-20T12:00:00+00:00,24229.719999999998,24287.09,24212.219999999998,24282.469999999998,98581
2026-03-20T13:00:00+00:00,24282.469999999998,24312.969999999998,24066.62,24071.989999999998,283832
2026-03-20T14:00:00+00:00,24071.989999999998,24113.989999999998,24018.37,24057.239999999998,303046
2026-03-20T15:00:00+00:00,24057.239999999998,24125.489999999998,24023.489999999998,24097.989999999998,249621
2026-03-20T16:00:00+00:00,24097.989999999998,24142.489999999998,24022.489999999998,24058.489999999998,172348
2026-03-20T17:00:00+00:00,24058.489999999998,24077.989999999998,23954.739999999998,23998.239999999998,164520
2026-03-20T18:00:00+00:00,23998.239999999998,24007.37,23860.37,23879.87,168966
2026-03-20T19:00:00+00:00,23879.87,23903.989999999998,23758.989999999998,23899.37,198646
2026-03-20T20:00:00+00:00,23899.37,23960.72,23882.09,23955.67,45264
2026-03-22T22:00:00+00:00,23955.67,23955.67,23683.42,23834.22,68624
2026-03-22T23:00:00+00:00,23834.22,23872.6,23765.22,23795.6,58620
2026-03-23T00:00:00+00:00,23795.6,23879.6,23730.1,23739.22,125073
2026-03-23T01:00:00+00:00,23739.22,23861.85,23726.6,23833.35,128195
2026-03-23T02:00:00+00:00,23833.35,23857.72,23779.35,23798.6,91597
2026-03-23T03:00:00+00:00,23798.6,23816.22,23739.72,23743.1,61107
2026-03-23T04:00:00+00:00,23743.1,23793.22,23735.47,23785.97,58076
2026-03-23T05:00:00+00:00,23785.97,23822.97,23724.6,23763.35,76922
2026-03-23T06:00:00+00:00,23763.35,23765.72,23616.6,23644.97,84840
2026-03-23T07:00:00+00:00,23644.97,23702.97,23562.97,23631.35,107615
2026-03-23T08:00:00+00:00,23631.35,23744.6,23631.35,23721.1,159725
2026-03-23T09:00:00+00:00,23721.1,23760.22,23634.72,23672.6,126841
2026-03-23T10:00:00+00:00,23672.6,23718.22,23605.35,23669.85,110948
2026-03-23T11:00:00+00:00,23669.85,24550.17,23666.1,24180.42,148489
2026-03-23T12:00:00+00:00,24180.42,24409.1,24134.92,24398.47,176128
2026-03-23T13:00:00+00:00,24398.47,24431.1,24224.5,24391.25,284229
2026-03-23T14:00:00+00:00,24391.25,24477.62,24318.37,24400,292003
2026-03-23T15:00:00+00:00,24400,24476.62,24161,24170.87,249759
2026-03-23T16:00:00+00:00,24170.87,24254.75,24099.25,24158.5,291281
2026-03-23T17:00:00+00:00,24158.5,24261.25,24101.37,24258.25,219324
2026-03-23T18:00:00+00:00,24258.25,24326.12,24207.37,24304.5,173436
2026-03-23T19:00:00+00:00,24304.5,24306.87,24189.62,24189.62,136169
2026-03-23T20:00:00+00:00,24189.62,24223.22,24149.1,24190.67,47995
2026-03-23T22:00:00+00:00,24190.67,24288.72,24178.47,24281.72,30399
2026-03-23T23:00:00+00:00,24281.72,24281.97,24227.22,24256.22,32067
2026-03-24T00:00:00+00:00,24256.22,24257.35,24068.92,24123.47,86576
2026-03-24T01:00:00+00:00,24123.47,24125.22,24032.72,24063.72,119225
2026-03-24T02:00:00+00:00,24063.72,24093.35,24022.72,24048.97,92086
2026-03-24T03:00:00+00:00,24048.97,24081.47,24030.85,24075.97,64487
2026-03-24T04:00:00+00:00,24075.97,24102.6,24040.72,24057.22,53371
2026-03-24T05:00:00+00:00,24057.22,24103.85,23993.35,24061.6,76838
2026-03-24T06:00:00+00:00,24061.6,24195.22,24059.35,24176.72,61971
2026-03-24T07:00:00+00:00,24176.72,24305.85,24171.22,24266.22,94375
2026-03-24T08:00:00+00:00,24266.22,24290.72,24161.47,24177.47,149516
2026-03-24T09:00:00+00:00,24177.47,24229.1,24103.97,24219.97,121559
2026-03-24T10:00:00+00:00,24219.97,24233.72,24168.1,24205.72,102971
2026-03-24T11:00:00+00:00,24205.72,24223.1,24097.47,24182.72,111074
2026-03-24T12:00:00+00:00,24182.72,24196.22,24064.97,24079.22,121484
2026-03-24T13:00:00+00:00,24079.22,24116,23935.87,24016,312252
2026-03-24T14:00:00+00:00,24016,24141.87,23976.25,24043.5,386160
2026-03-24T15:00:00+00:00,24043.5,24184.25,24043.12,24095.12,276483
2026-03-24T16:00:00+00:00,24095.12,24145.75,24044.37,24081.25,206077
2026-03-24T17:00:00+00:00,24081.25,24094.62,23960.62,24042,233905
2026-03-24T18:00:00+00:00,24042,24147.25,24009,24075.25,198736
2026-03-24T19:00:00+00:00,24075.25,24119,23991.12,24018.12,141836
2026-03-24T20:00:00+00:00,24018.12,24343.17,24013.72,24203.05,143735
2026-03-24T22:00:00+00:00,24203.05,24265.91,24190.41,24235.79,32038
2026-03-24T23:00:00+00:00,24235.79,24251.41,24211.54,24222.04,28607
2026-03-25T00:00:00+00:00,24222.04,24302.29,24193.04,24257.79,60467
2026-03-25T01:00:00+00:00,24257.79,24276.79,24202.29,24205.29,63943
2026-03-25T02:00:00+00:00,24205.29,24209.16,24143.04,24146.04,57154
2026-03-25T03:00:00+00:00,24146.04,24197.79,24129.79,24189.54,47124
2026-03-25T04:00:00+00:00,24189.54,24229.41,24184.79,24227.66,36724
2026-03-25T05:00:00+00:00,24227.66,24237.66,24182.79,24190.41,52208
2026-03-25T06:00:00+00:00,24190.41,24198.41,24134.04,24186.54,50155
2026-03-25T07:00:00+00:00,24186.54,24228.41,24161.16,24216.66,58211
2026-03-25T08:00:00+00:00,24216.66,24343.04,24216.66,24248.54,100376
2026-03-25T09:00:00+00:00,24248.54,24289.54,24221.54,24263.04,69683
2026-03-25T10:00:00+00:00,24263.04,24295.79,24235.41,24256.54,62889
2026-03-25T11:00:00+00:00,24256.54,24331.04,24250.91,24304.16,72027
2026-03-25T12:00:00+00:00,24304.16,24348.54,24182.66,24257.29,134762
2026-03-25T13:00:00+00:00,24257.29,24334.94,24173.19,24176.94,264619
2026-03-25T14:00:00+00:00,24176.94,24328.19,24138.56,24293.56,284795
2026-03-25T15:00:00+00:00,24293.56,24303.19,24097.19,24187.44,242845
2026-03-25T16:00:00+00:00,24187.44,24258.69,24141.19,24231.19,198699
2026-03-25T17:00:00+00:00,24231.19,24301.56,24187.31,24235.31,154553
2026-03-25T18:00:00+00:00,24235.31,24260.56,24133.31,24164.94,123811
2026-03-25T19:00:00+00:00,24164.94,24201.31,24121.94,24182.44,133587
2026-03-25T20:00:00+00:00,24182.44,24201.66,24159.29,24177.49,26425
2026-03-25T22:00:00+00:00,24177.49,24184.61,24131.41,24132.66,21283
2026-03-25T23:00:00+00:00,24132.66,24150.66,24103.16,24141.54,28188
2026-03-26T00:00:00+00:00,24141.54,24228.66,24137.79,24173.91,50068
2026-03-26T01:00:00+00:00,24173.91,24200.41,24149.79,24180.04,61771
2026-03-26T02:00:00+00:00,24180.04,24197.29,24069.16,24103.41,70279
2026-03-26T03:00:00+00:00,24103.41,24239.29,24101.16,24198.29,51310
2026-03-26T04:00:00+00:00,24198.29,24203.66,24136.79,24143.66,35224
2026-03-26T05:00:00+00:00,24143.66,24159.04,24070.04,24074.04,62604
2026-03-26T06:00:00+00:00,24074.04,24113.91,24051.54,24108.91,54767
2026-03-26T07:00:00+00:00,24108.91,24115.29,24023.66,24078.41,56049
2026-03-26T08:00:00+00:00,24078.41,24105.16,23973.86,24012.66,90823
2026-03-26T09:00:00+00:00,24012.66,24015.79,23929.16,23974.16,84221
2026-03-26T10:00:00+00:00,23974.16,24020.91,23951.66,23995.91,64297
2026-03-26T11:00:00+00:00,23995.91,24007.29,23918.29,23921.66,71510
2026-03-26T12:00:00+00:00,23921.66,23966.41,23893.54,23937.04,81730
2026-03-26T13:00:00+00:00,23937.04,24050.94,23886.81,24036.81,245996
2026-03-26T14:00:00+00:00,24036.81,24055.69,23851.11,23921.81,326531
2026-03-26T15:00:00+00:00,23921.81,23948.56,23870.94,23912.06,228379
2026-03-26T16:00:00+00:00,23912.06,23920.44,23789.94,23817.19,157180
2026-03-26T17:00:00+00:00,23817.19,23836.94,23671.31,23680.81,129721
2026-03-26T18:00:00+00:00,23680.81,23719.94,23665.06,23702.06,144509
2026-03-26T19:00:00+00:00,23702.06,23705.31,23594.94,23605.81,137901
2026-03-26T20:00:00+00:00,23605.81,23837.36,23582.54,23638.36,84839
2026-03-26T22:00:00+00:00,23638.36,23717.24,23638.36,23698.24,40986
2026-03-26T23:00:00+00:00,23698.24,23719.99,23670.49,23705.12,31191
2026-03-27T00:00:00+00:00,23705.12,23733.87,23635.37,23646.49,68108
2026-03-27T01:00:00+00:00,23646.49,23702.87,23635.37,23699.99,62968
2026-03-27T02:00:00+00:00,23699.99,23714.12,23673.87,23682.49,49297
2026-03-27T03:00:00+00:00,23682.49,23726.12,23667.87,23724.12,44026
2026-03-27T04:00:00+00:00,23724.12,23748.87,23710.62,23744.87,34128
2026-03-27T05:00:00+00:00,23744.87,23803.62,23743.62,23755.37,50200
2026-03-27T06:00:00+00:00,23755.37,23783.24,23723.62,23733.87,47097
2026-03-27T07:00:00+00:00,23733.87,23735.12,23683.12,23700.24,48879
2026-03-27T08:00:00+00:00,23700.24,23720.24,23599.87,23606.74,95405
2026-03-27T09:00:00+00:00,23606.74,23639.49,23538.62,23567.62,81819
2026-03-27T10:00:00+00:00,23567.62,23594.99,23461.12,23477.74,74325
2026-03-27T11:00:00+00:00,23477.74,23517.49,23441.74,23492.12,77810
2026-03-27T12:00:00+00:00,23492.12,23495.37,23426.24,23442.12,85708
2026-03-27T13:00:00+00:00,23442.12,23490.64,23301.64,23309.19,267291
2026-03-27T14:00:00+00:00,23309.19,23387.02,23270.77,23340.52,309184
2026-03-27T15:00:00+00:00,23340.52,23437.64,23287.77,23378.77,238257
2026-03-27T16:00:00+00:00,23378.77,23385.14,23273.27,23303.27,157444
2026-03-27T17:00:00+00:00,23303.27,23355.64,23175.39,23189.27,143740
2026-03-27T18:00:00+00:00,23189.27,23222.77,23157.02,23168.64,128426
2026-03-27T19:00:00+00:00,23168.64,23189.14,23098.52,23140.64,148394
2026-03-27T20:00:00+00:00,23140.64,23157.24,23061.99,23087.82,56013
2026-03-29T22:00:00+00:00,23087.82,23087.82,22973.870000000003,23046.620000000003,57432
2026-03-29T23:00:00+00:00,23046.620000000003,23061.99,22947.120000000003,22965.620000000003,61417
2026-03-30T00:00:00+00:00,22965.620000000003,23101.370000000003,22931.99,22989.120000000003,146728
2026-03-30T01:00:00+00:00,22989.120000000003,23048.120000000003,22974.120000000003,23039.99,104073
2026-03-30T02:00:00+00:00,23039.99,23112.99,23033.190000000002,23090.49,74745
2026-03-30T03:00:00+00:00,23090.49,23144.370000000003,23089.120000000003,23133.99,56038
2026-03-30T04:00:00+00:00,23133.99,23194.620000000003,23126.620000000003,23158.99,44292
2026-03-30T05:00:00+00:00,23158.99,23200.24,23157.870000000003,23184.370000000003,54901
2026-03-30T06:00:00+00:00,23184.370000000003,23253.620000000003,23175.99,23228.620000000003,64192
2026-03-30T07:00:00+00:00,23228.620000000003,23252.370000000003,23198.24,23235.620000000003,71231
2026-03-30T08:00:00+00:00,23235.620000000003,23287.870000000003,23212.24,23281.620000000003,70617
2026-03-30T09:00:00+00:00,23281.620000000003,23289.370000000003,23228.49,23241.870000000003,64401
2026-03-30T10:00:00+00:00,23241.870000000003,23254.870000000003,23212.24,23249.870000000003,54037
2026-03-30T11:00:00+00:00,23249.870000000003,23408.940000000002,23245.24,23297.49,93525
2026-03-30T12:00:00+00:00,23297.49,23361.99,23275.120000000003,23344.620000000003,75456
2026-03-30T13:00:00+00:00,23344.620000000003,23376.77,23131.890000000003,23141.27,308673
2026-03-30T14:00:00+00:00,23141.27,23221.27,23101.27,23216.77,392510
2026-03-30T15:00:00+00:00,23216.77,23275.140000000003,23121.140000000003,23213.27,256424
2026-03-30T16:00:00+00:00,23213.27,23219.27,23106.140000000003,23127.140000000003,174400
2026-03-30T17:00:00+00:00,23127.140000000003,23145.640000000003,23008.52,23049.77,182259
2026-03-30T18:00:00+00:00,23049.77,23051.640000000003,22954.1,22959.6,141336.95296576477
2026-03-30T19:00:00+00:00,22959.6,23003.85,22863.47,22974.85,195515
2026-03-30T20:00:00+00:00,22974.85,22982.82,22930.2,22944.649999999998,40419
2026-03-30T22:00:00+00:00,22944.649999999998,22997.829999999998,22944.649999999998,22951.71,27312
2026-03-30T23:00:00+00:00,22951.71,22951.71,22872.78,22896.829999999998,48602
2026-03-31T00:00:00+00:00,22896.829999999998,23135.079999999998,22812.96,23052.829999999998,150701
2026-03-31T01:00:00+00:00,23052.829999999998,23248.21,23011.46,23190.579999999998,153989
2026-03-31T02:00:00+00:00,23190.579999999998,23256.329999999998,23173.829999999998,23196.71,95674
2026-03-31T03:00:00+00:00,23196.71,23248.71,23161.78,23169.829999999998,61607
2026-03-31T04:00:00+00:00,23169.829999999998,23193.329999999998,23128.579999999998,23134.829999999998,55702
2026-03-31T05:00:00+00:00,23134.829999999998,23189.71,23085.329999999998,23161.079999999998,72223
2026-03-31T06:00:00+00:00,23161.079999999998,23169.829999999998,23116.579999999998,23142.71,77900
2026-03-31T07:00:00+00:00,23142.71,23222.329999999998,23089.46,23220.96,88933
2026-03-31T08:00:00+00:00,23220.96,23241.579999999998,23144.53,23163.329999999998,83353
2026-03-31T09:00:00+00:00,23163.329999999998,23202.21,23144.829999999998,23156.46,67718
2026-03-31T10:00:00+00:00,23156.46,23183.46,23089.329999999998,23135.579999999998,65964
2026-03-31T11:00:00+00:00,23135.579999999998,23249.21,23114.46,23210.579999999998,136040
2026-03-31T12:00:00+00:00,23210.579999999998,23287.079999999998,23162.829999999998,23221.21,126160
2026-03-31T13:00:00+00:00,23221.21,23425.48,23208.96,23416.78,284082
2026-03-31T14:00:00+00:00,23416.78,23438.23,23228.86,23260.61,342131
2026-03-31T15:00:00+00:00,23260.61,23410.73,23259.36,23297.86,298138
2026-03-31T16:00:00+00:00,23297.86,23707.98,23287.36,23626.36,441549
2026-03-31T17:00:00+00:00,23626.36,23727.61,23598.98,23611.86,414782
2026-03-31T18:00:00+00:00,23611.86,23723.23,23611.36,23707.36,209230
2026-03-31T19:00:00+00:00,23707.36,23826.11,23685.48,23762.86,204954
2026-03-31T20:00:00+00:00,23762.86,23796.579999999998,23719.829999999998,23756.66,65514
2026-03-31T22:00:00+00:00,23756.66,23819.399999999998,23726.47,23803.649999999998,34886
2026-03-31T23:00:00+00:00,23803.649999999998,23891.399999999998,23789.149999999998,23882.399999999998,38550
2026-04-01T00:00:00+00:00,23882.399999999998,23894.02,23838.27,23881.77,71273
2026-04-01T01:00:00+00:00,23881.77,23888.149999999998,23813.02,23823.52,74914
2026-04-01T02:00:00+00:00,23823.52,23841.52,23802.149999999998,23812.77,45040
2026-04-01T03:00:00+00:00,23812.77,23838.649999999998,23809.47,23827.77,36597
2026-04-01T04:00:00+00:00,23827.77,23867.899999999998,23824.52,23858.399999999998,31065
2026-04-01T05:00:00+00:00,23858.399999999998,23919.399999999998,23853.149999999998,23886.77,45897
2026-04-01T06:00:00+00:00,23886.77,24023.02,23884.77,24014.899999999998,75058
2026-04-01T07:00:00+00:00,24014.899999999998,24026.899999999998,23918.47,23923.77,79076
2026-04-01T08:00:00+00:00,23923.77,23952.649999999998,23872.47,23916.77,91291
2026-04-01T09:00:00+00:00,23916.77,23936.899999999998,23849.649999999998,23915.149999999998,69904
2026-04-01T10:00:00+00:00,23915.149999999998,23985.399999999998,23896.399999999998,23973.27,59547
2026-04-01T11:00:00+00:00,23973.27,24051.27,23968.52,24036.27,62107
2026-04-01T12:00:00+00:00,24036.27,24084.22,23895.649999999998,23907.27,116797
2026-04-01T13:00:00+00:00,23907.27,24040.3,23882.47,23963.22,364336
2026-04-01T14:00:00+00:00,23963.22,24116.05,23953.97,24106.42,393375
2026-04-01T15:00:00+00:00,24106.42,24172.67,24076.17,24160.05,162896
2026-04-01T16:00:00+00:00,24160.05,24177.05,24134.3,24165.17,105468
2026-04-01T17:00:00+00:00,24165.17,24194.05,24111.8,24112.8,88745
2026-04-01T18:00:00+00:00,24112.8,24119.67,23970.67,24005.3,220282
2026-04-01T19:00:00+00:00,24005.3,24099.92,24000.3,24046.05,168106
2026-04-01T20:00:00+00:00,24046.05,24061.52,24022.149999999998,24033.6,38159
2026-04-01T22:00:00+00:00,24033.6,24048.95,24001.7,24013.7,32162
2026-04-01T23:00:00+00:00,24013.7,24046.45,24002.649999999998,24027.329999999998,27234
2026-04-02T00:00:00+00:00,24027.329999999998,24089.329999999998,23998.329999999998,24080.45,88204
2026-04-02T01:00:00+00:00,24080.45,24080.829999999998,23756.399999999998,23782.7,124357
2026-04-02T02:00:00+00:00,23782.7,23810.329999999998,23700.329999999998,23728.829999999998,108603
2026-04-02T03:00:00+00:00,23728.829999999998,23737.7,23658.95,23665.2,67025
2026-04-02T04:00:00+00:00,23665.2,23685.329999999998,23638.95,23647.829999999998,53427
2026-04-02T05:00:00+00:00,23647.829999999998,23670.579999999998,23598.079999999998,23600.7,59249
2026-04-02T06:00:00+00:00,23600.7,23662.329999999998,23596.079999999998,23659.579999999998,60924
2026-04-02T07:00:00+00:00,23659.579999999998,23725.2,23639.2,23722.45,72657
2026-04-02T08:00:00+00:00,23722.45,23725.7,23666.329999999998,23678.329999999998,60359
2026-04-02T09:00:00+00:00,23678.329999999998,23703.45,23662.579999999998,23674.079999999998,49560
2026-04-02T10:00:00+00:00,23674.079999999998,23684.329999999998,23618.829999999998,23656.079999999998,56170
2026-04-02T11:00:00+00:00,23656.079999999998,23665.579999999998,23526.149999999998,23526.95,72950
2026-04-02T12:00:00+00:00,23526.95,23601.45,23510.45,23569.329999999998,86999
2026-04-02T13:00:00+00:00,23569.329999999998,23752.23,23522.48,23742.23,354494
2026-04-02T14:00:00+00:00,23742.23,24106.23,23703.23,24019.35,551638
2026-04-02T15:00:00+00:00,24019.35,24058.48,23933.35,23979.73,378580
2026-04-02T16:00:00+00:00,23979.73,24020.1,23901.73,23965.23,266233
2026-04-02T17:00:00+00:00,23965.23,24026.23,23907.6,23934.73,169349
2026-04-02T18:00:00+00:00,23934.73,24009.1,23934.6,23984.48,133274
2026-04-02T19:00:00+00:00,23984.48,24069.6,23978.85,24065.35,130946
2026-04-02T20:00:00+00:00,24065.35,24077.579999999998,24043.079999999998,24063.03,38131
2026-04-02T22:00:00+00:00,24063.03,24064.29,24024.239999999998,24049.54,15143
2026-04-02T23:00:00+00:00,24049.54,24062.34,24035.42,24059.09,11284.98162126682
2026-04-03T00:00:00+00:00,24059.09,24100.710000000003,24058.91,24071.59,28592
2026-04-03T01:00:00+00:00,24071.59,24077.34,24041.960000000003,24043.460000000003,19791
2026-04-03T02:00:00+00:00,24043.460000000003,24051.59,23997.16,24026.84,22192
2026-04-03T03:00:00+00:00,24026.84,24037.960000000003,24007.210000000003,24012.710000000003,14745
2026-04-03T04:00:00+00:00,24012.710000000003,24028.84,24003.09,24013.210000000003,13742
2026-04-03T05:00:00+00:00,24013.210000000003,24039.210000000003,24005.34,24027.09,14514
2026-04-03T06:00:00+00:00,24027.09,24029.84,23985.59,23999.09,15220
2026-04-03T07:00:00+00:00,23999.09,24009.210000000003,23966.210000000003,24000.34,14135
2026-04-03T08:00:00+00:00,24000.34,24013.210000000003,23988.66,23995.59,10172
2026-04-03T09:00:00+00:00,23995.59,23999.960000000003,23977.59,23985.59,9031
2026-04-03T10:00:00+00:00,23985.59,23990.460000000003,23972.41,23984.210000000003,9358
2026-04-03T11:00:00+00:00,23984.210000000003,24005.460000000003,23959.59,23996.59,16675
2026-04-03T12:00:00+00:00,23996.59,24084.16,23958.66,23962.66,33407
2026-04-03T13:00:00+00:00,23962.66,23983.09,23951.91,23976.16,6439
2026-04-05T22:00:00+00:00,23976.16,23976.16,23834.54,23932.29,63833
2026-04-05T23:00:00+00:00,23932.29,23947.41,23894.29,23944.91,42097
2026-04-06T00:00:00+00:00,23944.91,24068.41,23940.11,24062.29,59617
2026-04-06T01:00:00+00:00,24062.29,24092.79,24037.66,24046.29,38371
2026-04-06T02:00:00+00:00,24046.29,24179.79,24041.41,24076.54,57379
2026-04-06T03:00:00+00:00,24076.54,24083.59,23977.66,24066.34,46019.74548019278
2026-04-06T04:00:00+00:00,24066.34,24115.09,24061.71,24106.96,30136
2026-04-06T05:00:00+00:00,24106.96,24122.21,24066.84,24086.71,31186
2026-04-06T06:00:00+00:00,24086.71,24144.46,24070.21,24110.34,40883
2026-04-06T07:00:00+00:00,24110.34,24179.21,24062.34,24162.84,38524
2026-04-06T08:00:00+00:00,24162.84,24246.34,24162.84,24223.71,42061
2026-04-06T09:00:00+00:00,24223.71,24251.21,24185.96,24190.34,34139
2026-04-06T10:00:00+00:00,24190.34,24213.09,24124.41,24168.71,37909
2026-04-06T11:00:00+00:00,24168.71,24170.46,24136.84,24160.46,41097
2026-04-06T12:00:00+00:00,24160.46,24191.34,24142.59,24160.46,44644
2026-04-06T13:00:00+00:00,24160.46,24264.41,24102.11,24264.41,214699
2026-04-06T14:00:00+00:00,24264.41,24302.239999999998,24117.11,24160.739999999998,261705
2026-04-06T15:00:00+00:00,24160.739999999998,24191.489999999998,24107.989999999998,24177.989999999998,151944
2026-04-06T16:00:00+00:00,24177.989999999998,24200.739999999998,24137.739999999998,24162.239999999998,93833
2026-04-06T17:00:00+00:00,24162.239999999998,24186.489999999998,24058.36,24118.36,105307
2026-04-06T18:00:00+00:00,24118.36,24214.86,24100.489999999998,24205.739999999998,91156
2026-04-06T19:00:00+00:00,24205.739999999998,24224.11,24180.86,24217.239999999998,77053
2026-04-06T20:00:00+00:00,24217.239999999998,24223.34,24188.21,24203.29,26677
2026-04-06T22:00:00+00:00,24203.29,24248.219999999998,24168.59,24168.969999999998,22481
2026-04-06T23:00:00+00:00,24168.969999999998,24197.469999999998,24165.09,24165.969999999998,15122
2026-04-07T00:00:00+00:00,24165.969999999998,24224.09,24144.59,24168.719999999998,43565
2026-04-07T01:00:00+00:00,24168.719999999998,24176.719999999998,24035.34,24043.59,56233
2026-04-07T02:00:00+00:00,24043.59,24086.34,24019.59,24077.969999999998,43055
2026-04-07T03:00:00+00:00,24077.969999999998,24096.969999999998,24059.219999999998,24086.969999999998,28366
2026-04-07T04:00:00+00:00,24086.969999999998,24128.59,24064.969999999998,24113.09,31602
2026-04-07T05:00:00+00:00,24113.09,24125.09,24071.34,24093.84,31759
2026-04-07T06:00:00+00:00,24093.84,24110.59,24073.59,24108.469999999998,39838
2026-04-07T07:00:00+00:00,24108.469999999998,24121.469999999998,24075.84,24113.09,49688
2026-04-07T08:00:00+00:00,24113.09,24248.469999999998,24113.09,24226.469999999998,74606
2026-04-07T09:00:00+00:00,24226.469999999998,24286.59,24219.09,24251.84,48517
2026-04-07T10:00:00+00:00,24251.84,24265.59,24051.79,24069.79,55892
2026-04-07T11:00:00+00:00,24069.79,24123.219999999998,24044.719999999998,24077.09,66594
2026-04-07T12:00:00+00:00,24077.09,24143.719999999998,24005.04,24081.59,83294
2026-04-07T13:00:00+00:00,24081.59,24165.989999999998,23985.489999999998,23988.489999999998,209101
2026-04-07T14:00:00+00:00,23988.489999999998,24010.739999999998,23861.12,23876.12,237461
2026-04-07T15:00:00+00:00,23876.12,23998.239999999998,23808.62,23974.37,179670
2026-04-07T16:00:00+00:00,23974.37,24105.37,23973.12,24068.37,162868
2026-04-07T17:00:00+00:00,24068.37,24165.87,24036.739999999998,24092.12,123997
2026-04-07T18:00:00+00:00,24092.12,24104.489999999998,23943.37,23969.12,113693
2026-04-07T19:00:00+00:00,23969.12,24247.37,23949.739999999998,24235.989999999998,192930
2026-04-07T20:00:00+00:00,24235.989999999998,24316.59,24212.09,24264.79,70389
2026-04-07T22:00:00+00:00,24264.79,24780.75,24222.25,24771.25,88715
2026-04-07T23:00:00+00:00,24771.25,24943.8,24771.25,24908.68,73458
2026-04-08T00:00:00+00:00,24908.68,24959.3,24866.18,24939.05,80971
2026-04-08T01:00:00+00:00,24939.05,24966.68,24900.75,24952.05,55953
2026-04-08T02:00:00+00:00,24952.05,24969.18,24949.55,24968.93,33518
2026-04-08T03:00:00+00:00,24968.93,24976.18,24944.55,24960.43,28230
2026-04-08T04:00:00+00:00,24960.43,25013.18,24960.43,24982.68,29384
2026-04-08T05:00:00+00:00,24982.68,25052.3,24976.55,25049.18,39826
2026-04-08T06:00:00+00:00,25049.18,25059.3,25019.93,25028.55,50732
2026-04-08T07:00:00+00:00,25028.55,25047.8,24994.18,25000.18,63689
2026-04-08T08:00:00+00:00,25000.18,25080.75,24992.55,25073.18,57194
2026-04-08T09:00:00+00:00,25073.18,25103.43,25042.18,25058.18,45755
2026-04-08T10:00:00+00:00,25058.18,25090.05,25043.68,25062.43,40383
2026-04-08T11:00:00+00:00,25062.43,25092.93,25038.55,25067.3,56577
2026-04-08T12:00:00+00:00,25067.3,25114.68,25013.55,25071.3,80973
2026-04-08T13:00:00+00:00,25071.3,25107.83,24922.75,24940.45,262789
2026-04-08T14:00:00+00:00,24940.45,24963.08,24785,24851.33,300345
2026-04-08T15:00:00+00:00,24851.33,24947.58,24837.33,24936.95,169472
2026-04-08T16:00:00+00:00,24936.95,25015.83,24920.08,25000.45,105231
2026-04-08T17:00:00+00:00,25000.45,25014.95,24923.75,24952.58,107220
2026-04-08T18:00:00+00:00,24952.58,24989.95,24807.45,24811.95,156692
2026-04-08T19:00:00+00:00,24811.95,24955.2,24801.7,24938.2,150608
2026-04-08T20:00:00+00:00,24938.2,24953.05,24891.43,24896.25,33967
2026-04-08T22:00:00+00:00,24896.25,24919.690000000002,24866.56,24889.940000000002,28243
2026-04-08T23:00:00+00:00,24889.940000000002,24910.56,24878.190000000002,24881.31,26284
2026-04-09T00:00:00+00:00,24881.31,24890.06,24854.760000000002,24867.06,60539
2026-04-09T01:00:00+00:00,24867.06,24880.690000000002,24836.190000000002,24878.31,48270
2026-04-09T02:00:00+00:00,24878.31,24904.81,24877.56,24886.06,33170
2026-04-09T03:00:00+00:00,24886.06,24892.690000000002,24864.06,24874.190000000002,24884
2026-04-09T04:00:00+00:00,24874.190000000002,24879.06,24862.010000000002,24869.440000000002,21070
2026-04-09T05:00:00+00:00,24869.440000000002,24902.190000000002,24849.56,24884.56,35040
2026-04-09T06:00:00+00:00,24884.56,24913.56,24872.56,24894.690000000002,44983
2026-04-09T07:00:00+00:00,24894.690000000002,24903.81,24820.440000000002,24841.06,51489
2026-04-09T08:00:00+00:00,24841.06,24859.31,24808.06,24827.940000000002,50517
2026-04-09T09:00:00+00:00,24827.940000000002,24873.690000000002,24819.440000000002,24872.06,34604
2026-04-09T10:00:00+00:00,24872.06,24882.31,24836.440000000002,24839.440000000002,40054
2026-04-09T11:00:00+00:00,24839.440000000002,24893.81,24832.31,24885.190000000002,45111
2026-04-09T12:00:00+00:00,24885.190000000002,24918.440000000002,24871.940000000002,24884.190000000002,57400
2026-04-09T13:00:00+00:00,24884.190000000002,24966.71,24861.46,24888.84,219601
2026-04-09T14:00:00+00:00,24888.84,24911.46,24816.34,24896.59,209736
2026-04-09T15:00:00+00:00,24896.59,25052.84,24871.71,25044.96,215916
2026-04-09T16:00:00+00:00,25044.96,25119.96,25017.46,25052.46,147310
2026-04-09T17:00:00+00:00,25052.46,25112.21,25043.71,25082.34,105794
2026-04-09T18:00:00+00:00,25082.34,25086.96,25001.510000000002,25035.71,143419
2026-04-09T19:00:00+00:00,25035.71,25125.21,25031.21,25104.71,99135
2026-04-09T20:00:00+00:00,25104.71,25109.31,25075.56,25099.510000000002,26154
2026-04-09T22:00:00+00:00,25099.510000000002,25111.09,25059.84,25063.84,25236
2026-04-09T23:00:00+00:00,25063.84,25092.09,25049.84,25080.97,18080
2026-04-10T00:00:00+00:00,25080.97,25133.84,25062.22,25127.72,40078
2026-04-10T01:00:00+00:00,25127.72,25155.34,25112.22,25141.09,35538
2026-04-10T02:00:00+00:00,25141.09,25146.97,25110.84,25130.47,27893
2026-04-10T03:00:00+00:00,25130.47,25159.34,25127.72,25147.72,21460
2026-04-10T04:00:00+00:00,25147.72,25150.22,25122.09,25126.22,19127
2026-04-10T05:00:00+00:00,25126.22,25141.47,25114.79,25118.84,25987
2026-04-10T06:00:00+00:00,25118.84,25124.22,25076.04,25085.22,33779
2026-04-10T07:00:00+00:00,25085.22,25111.47,25079.72,25098.72,40201
2026-04-10T08:00:00+00:00,25098.72,25100.34,25059.79,25065.59,42656
2026-04-10T09:00:00+00:00,25065.59,25130.97,25062.59,25115.22,56579
2026-04-10T10:00:00+00:00,25115.22,25140.22,25097.22,25128.34,36118
2026-04-10T11:00:00+00:00,25128.34,25157.72,25118.34,25125.09,39695
2026-04-10T12:00:00+00:00,25125.09,25228.79,25120.22,25160.72,58922
2026-04-10T13:00:00+00:00,25160.72,25225.99,25147.99,25176.99,201096
2026-04-10T14:00:00+00:00,25176.99,25230.12,25125.62,25209.24,198713
2026-04-10T15:00:00+00:00,25209.24,25249.99,25102.12,25121.49,155353
2026-04-10T16:00:00+00:00,25121.49,25158.62,25079.12,25122.12,133482
2026-04-10T17:00:00+00:00,25122.12,25132.37,25080.24,25128.79,100618.79955494133
2026-04-10T18:00:00+00:00,25128.79,25137.79,25096.17,25117.79,77897
2026-04-10T19:00:00+00:00,25117.79,25158.67,25115.79,25140.79,77079
2026-04-10T20:00:00+00:00,25140.79,25175.54,25133.14,25175.24,19503
2026-04-12T22:00:00+00:00,25175.24,25175.24,24768.030000000002,24819.960000000003,92185
2026-04-12T23:00:00+00:00,24819.960000000003,24848.960000000003,24785.530000000002,24846.08,42390
2026-04-13T00:00:00+00:00,24846.08,24918.83,24812.08,24918.58,74454
2026-04-13T01:00:00+00:00,24918.58,24952.960000000003,24914.83,24946.08,54731
2026-04-13T02:00:00+00:00,24946.08,24948.210000000003,24919.710000000003,24940.210000000003,30256
2026-04-13T03:00:00+00:00,24940.210000000003,24947.210000000003,24916.960000000003,24922.960000000003,28290
2026-04-13T04:00:00+00:00,24922.960000000003,24957.960000000003,24912.780000000002,24943.58,28618
2026-04-13T05:00:00+00:00,24943.58,24953.210000000003,24922.83,24942.08,33781
2026-04-13T06:00:00+00:00,24942.08,24982.210000000003,24940.960000000003,24977.960000000003,41549
2026-04-13T07:00:00+00:00,24977.960000000003,24990.710000000003,24950.83,24964.33,44761
2026-04-13T08:00:00+00:00,24964.33,24993.460000000003,24952.210000000003,24960.710000000003,52296
2026-04-13T09:00:00+00:00,24960.710000000003,24996.08,24960.710000000003,24978.960000000003,32988
2026-04-13T10:00:00+00:00,24978.960000000003,25021.210000000003,24972.460000000003,25018.960000000003,28492
2026-04-13T11:00:00+00:00,25018.960000000003,25057.460000000003,24947.710000000003,24952.33,55890
2026-04-13T12:00:00+00:00,24952.33,25042.210000000003,24936.58,25030.960000000003,57635
2026-04-13T13:00:00+00:00,25030.960000000003,25172.980000000003,25019.710000000003,25170.61,239539
2026-04-13T14:00:00+00:00,25170.61,25222.230000000003,25110.480000000003,25214.980000000003,220303
2026-04-13T15:00:00+00:00,25214.980000000003,25218.11,25160.030000000002,25172.730000000003,138419
2026-04-13T16:00:00+00:00,25172.730000000003,25298.36,25145.61,25273.980000000003,175839
2026-04-13T17:00:00+00:00,25273.980000000003,25302.730000000003,25260.11,25267.36,75634
2026-04-13T18:00:00+00:00,25267.36,25317.480000000003,25259.36,25308.480000000003,62595
2026-04-13T19:00:00+00:00,25308.480000000003,25413.730000000003,25294.230000000003,25401.11,84153
2026-04-13T20:00:00+00:00,25401.11,25449.960000000003,25396.210000000003,25448.41,29462
2026-04-13T22:00:00+00:00,25448.41,25460.32,25428.02,25457.32,16126
2026-04-13T23:00:00+00:00,25457.32,25481.82,25446.57,25449.07,23707
2026-04-14T00:00:00+00:00,25449.07,25463.32,25422.95,25454.57,39042
2026-04-14T01:00:00+00:00,25454.57,25456.57,25435.2,25444.95,30430
2026-04-14T02:00:00+00:00,25444.95,25460.57,25438.95,25459.32,19548
2026-04-14T03:00:00+00:00,25459.32,25459.32,25438.07,25446.57,15538
2026-04-14T04:00:00+00:00,25446.57,25458.07,25443.95,25457.07,12373
2026-04-14T05:00:00+00:00,25457.07,25461.7,25434.95,25437.57,16753
2026-04-14T06:00:00+00:00,25437.57,25456.2,25427.82,25448.2,25405
2026-04-14T07:00:00+00:00,25448.2,25506.32,25445.07,25481.95,57627
2026-04-14T08:00:00+00:00,25481.95,25527.7,25473.32,25525.95,43943
2026-04-14T09:00:00+00:00,25525.95,25537.2,25495.2,25500.82,30743
2026-04-14T10:00:00+00:00,25500.82,25518.95,25486.32,25489.07,37188
2026-04-14T11:00:00+00:00,25489.07,25557.07,25483.57,25530.2,41253
2026-04-14T12:00:00+00:00,25530.2,25579.32,25519.82,25539.45,59086
2026-04-14T13:00:00+00:00,25539.45,25627.350000000002,25515.07,25585.600000000002,199677
2026-04-14T14:00:00+00:00,25585.600000000002,25683.72,25575.850000000002,25669.850000000002,149667
2026-04-14T15:00:00+00:00,25669.850000000002,25763.350000000002,25626.22,25739.47,104305
2026-04-14T16:00:00+00:00,25739.47,25801.72,25736.02,25777.72,72623
2026-04-14T17:00:00+00:00,25777.72,25832.850000000002,25775.47,25821.97,62658
2026-04-14T18:00:00+00:00,25821.97,25828.22,25748.27,25781.47,88497
2026-04-14T19:00:00+00:00,25781.47,25866.350000000002,25778.850000000002,25864.72,91227
2026-04-14T20:00:00+00:00,25864.72,25866.07,25835.7,25853.9,23956
2026-04-14T22:00:00+00:00,25853.9,25875.93,25839.93,25859.06,21049
2026-04-14T23:00:00+00:00,25859.06,25898.43,25856.93,25881.31,22858
2026-04-15T00:00:00+00:00,25881.31,25885.43,25858.06,25881.31,32582
2026-04-15T01:00:00+00:00,25881.31,25905.18,25876.81,25900.93,26519
2026-04-15T02:00:00+00:00,25900.93,25901.31,25853.63,25858.81,26487
2026-04-15T03:00:00+00:00,25858.81,25889.18,25857.93,25884.68,17891
2026-04-15T04:00:00+00:00,25884.68,25888.56,25873.06,25876.31,13585
2026-04-15T05:00:00+00:00,25876.31,25920.43,25829.56,25841.56,46230
2026-04-15T06:00:00+00:00,25841.56,25860.56,25831.06,25850.81,31253
2026-04-15T07:00:00+00:00,25850.81,25871.81,25834.13,25867.31,35562
2026-04-15T08:00:00+00:00,25867.31,25900.93,25863.18,25894.43,31171
2026-04-15T09:00:00+00:00,25894.43,25900.56,25838.38,25841.31,40880
2026-04-15T10:00:00+00:00,25841.31,25860.68,25796.88,25847.81,57710
2026-04-15T11:00:00+00:00,25847.81,25905.13,25835.31,25860.81,55256
2026-04-15T12:00:00+00:00,25860.81,25870.31,25823.43,25852.56,57414
2026-04-15T13:00:00+00:00,25852.56,25933.83,25842.63,25932.210000000003,210869
2026-04-15T14:00:00+00:00,25932.210000000003,26039.710000000003,25911.960000000003,26026.33,178359
2026-04-15T15:00:00+00:00,26026.33,26078.58,26002.08,26060.33,128152
2026-04-15T16:00:00+00:00,26060.33,26114.83,25965.88,26007.710000000003,145115
2026-04-15T17:00:00+00:00,26007.710000000003,26083.08,25999.83,26053.58,95632
2026-04-15T18:00:00+00:00,26053.58,26178.460000000003,26036.88,26166.33,101902
2026-04-15T19:00:00+00:00,26166.33,26240.710000000003,26155.710000000003,26227.08,99719
2026-04-15T20:00:00+00:00,26227.08,26234.31,26193.63,26222.760000000002,27977
2026-04-15T22:00:00+00:00,26222.760000000002,26256.08,26208.15,26253.33,18638
2026-04-15T23:00:00+00:00,26253.33,26278.550000000003,26247.350000000002,26270.230000000003,13848.513036164844
2026-04-16T00:00:00+00:00,26270.230000000003,26307.980000000003,26252.800000000003,26301.100000000002,32695
2026-04-16T01:00:00+00:00,26301.100000000002,26328.350000000002,26289.600000000002,26304.480000000003,27309
2026-04-16T02:00:00+00:00,26304.480000000003,26322.480000000003,26302.850000000002,26305.730000000003,22225
2026-04-16T03:00:00+00:00,26305.730000000003,26323.730000000003,26301.850000000002,26306.730000000003,19014
2026-04-16T04:00:00+00:00,26306.730000000003,26307.850000000002,26292.230000000003,26297.730000000003,15962
2026-04-16T05:00:00+00:00,26297.730000000003,26324.600000000002,26279.980000000003,26318.350000000002,23261
2026-04-16T06:00:00+00:00,26318.350000000002,26348.600000000002,26318.350000000002,26343.480000000003,28297
2026-04-16T07:00:00+00:00,26343.480000000003,26349.730000000003,26315.230000000003,26322.480000000003,31894
2026-04-16T08:00:00+00:00,26322.480000000003,26327.980000000003,26272.300000000003,26303.480000000003,39573
2026-04-16T09:00:00+00:00,26303.480000000003,26321.100000000002,26296.600000000002,26316.480000000003,25044
2026-04-16T10:00:00+00:00,26316.480000000003,26328.480000000003,26227.980000000003,26269.480000000003,38921
2026-04-16T11:00:00+00:00,26269.480000000003,26288.600000000002,26246.230000000003,26281.980000000003,39439
2026-04-16T12:00:00+00:00,26281.980000000003,26295.730000000003,26256.230000000003,26264.980000000003,42850
2026-04-16T13:00:00+00:00,26264.980000000003,26316.500000000004,26139.750000000004,26185.250000000004,237433
2026-04-16T14:00:00+00:00,26185.250000000004,26286.250000000004,26154.250000000004,26267.630000000005,250288
2026-04-16T15:00:00+00:00,26267.630000000005,26405.000000000004,26267.500000000004,26397.500000000004,171753
2026-04-16T16:00:00+00:00,26397.500000000004,26426.380000000005,26294.130000000005,26337.380000000005,137897
2026-04-16T17:00:00+00:00,26337.380000000005,26373.250000000004,26294.880000000005,26324.250000000004,133858
2026-04-16T18:00:00+00:00,26324.250000000004,26347.880000000005,26219.130000000005,26301.500000000004,139730
2026-04-16T19:00:00+00:00,26301.500000000004,26362.130000000005,26297.880000000005,26348.250000000004,101867
2026-04-16T20:00:00+00:00,26348.250000000004,26354.100000000002,26304.230000000003,26327.300000000003,30387
2026-04-16T22:00:00+00:00,26327.300000000003,26352.940000000002,26311.390000000003,26339.570000000003,18026
2026-04-16T23:00:00+00:00,26339.570000000003,26353.690000000002,26336.070000000003,26345.070000000003,13759
2026-04-17T00:00:00+00:00,26345.070000000003,26361.320000000003,26321.570000000003,26352.320000000003,32814
2026-04-17T01:00:00+00:00,26352.320000000003,26362.820000000003,26346.190000000002,26354.320000000003,24777
2026-04-17T02:00:00+00:00,26354.320000000003,26360.570000000003,26320.320000000003,26330.320000000003,21183
2026-04-17T03:00:00+00:00,26330.320000000003,26334.070000000003,26315.320000000003,26324.820000000003,16999
2026-04-17T04:00:00+00:00,26324.820000000003,26347.070000000003,26320.820000000003,26328.320000000003,12416
2026-04-17T05:00:00+00:00,26328.320000000003,26335.570000000003,26306.140000000003,26331.070000000003,20187
2026-04-17T06:00:00+00:00,26331.070000000003,26345.320000000003,26312.070000000003,26322.070000000003,27682
2026-04-17T07:00:00+00:00,26322.070000000003,26356.940000000002,26322.070000000003,26354.690000000002,32537
2026-04-17T08:00:00+00:00,26354.690000000002,26385.690000000002,26342.320000000003,26384.070000000003,27728
2026-04-17T09:00:00+00:00,26384.070000000003,26406.440000000002,26372.070000000003,26402.190000000002,27132
2026-04-17T10:00:00+00:00,26402.190000000002,26411.190000000002,26370.940000000002,26391.570000000003,26682
2026-04-17T11:00:00+00:00,26391.570000000003,26433.690000000002,26387.820000000003,26431.570000000003,31017
2026-04-17T12:00:00+00:00,26431.570000000003,26611.070000000003,26426.320000000003,26607.070000000003,122128
2026-04-17T13:00:00+00:00,26607.070000000003,26681.140000000003,26495.340000000004,26597.22,368621
2026-04-17T14:00:00+00:00,26597.22,26721.340000000004,26585.140000000003,26693.22,223730
2026-04-17T15:00:00+00:00,26693.22,26742.840000000004,26664.840000000004,26670.590000000004,200140
2026-04-17T16:00:00+00:00,26670.590000000004,26748.340000000004,26657.97,26725.090000000004,101120
2026-04-17T17:00:00+00:00,26725.090000000004,26742.840000000004,26602.090000000004,26674.140000000003,181467.0276672807
2026-04-17T18:00:00+00:00,26674.140000000003,26687.640000000003,26621.77,26650.890000000003,139418
2026-04-17T19:00:00+00:00,26650.890000000003,26697.140000000003,26623.890000000003,26693.52,113012
2026-04-17T20:00:00+00:00,26693.52,26710.04,26681.29,26697.49,21028
2026-04-19T22:00:00+00:00,26697.49,26697.49,26407.41,26536.710000000003,67033
2026-04-19T23:00:00+00:00,26536.710000000003,26553.710000000003,26508.59,26530.710000000003,38302
2026-04-20T00:00:00+00:00,26530.710000000003,26536.710000000003,26488.210000000003,26528.460000000003,66122
2026-04-20T01:00:00+00:00,26528.460000000003,26586.34,26525.09,26577.09,42701
2026-04-20T02:00:00+00:00,26577.09,26577.960000000003,26556.460000000003,26565.710000000003,25510
2026-04-20T03:00:00+00:00,26565.710000000003,26573.09,26548.84,26550.960000000003,22667
2026-04-20T04:00:00+00:00,26550.960000000003,26554.09,26526.34,26547.09,24204
2026-04-20T05:00:00+00:00,26547.09,26550.59,26484.09,26507.210000000003,37928
2026-04-20T06:00:00+00:00,26507.210000000003,26572.84,26505.34,26559.34,53011
2026-04-20T07:00:00+00:00,26559.34,26592.710000000003,26517.41,26540.59,74099
2026-04-20T08:00:00+00:00,26540.59,26579.710000000003,26491.09,26567.84,55846
2026-04-20T09:00:00+00:00,26567.84,26590.960000000003,26557.59,26566.34,39066
2026-04-20T10:00:00+00:00,26566.34,26603.460000000003,26563.34,26572.710000000003,37243
2026-04-20T11:00:00+00:00,26572.710000000003,26594.710000000003,26552.09,26581.710000000003,50931
2026-04-20T12:00:00+00:00,26581.710000000003,26647.210000000003,26573.710000000003,26622.34,58048
2026-04-20T13:00:00+00:00,26622.34,26697.86,26587.99,26653.24,279377
2026-04-20T14:00:00+00:00,26653.24,26660.11,26483.41,26509.99,290834
2026-04-20T15:00:00+00:00,26509.99,26582.11,26441.24,26530.49,238075
2026-04-20T16:00:00+00:00,26530.49,26571.86,26511.49,26551.36,106216
2026-04-20T17:00:00+00:00,26551.36,26598.86,26532.61,26579.36,90697
2026-04-20T18:00:00+00:00,26579.36,26620.11,26569.36,26604.36,79885
2026-04-20T19:00:00+00:00,26604.36,26624.24,26581.36,26617.36,73488
2026-04-20T20:00:00+00:00,26617.36,26681.460000000003,26601.09,26646.41,38952
2026-04-20T22:00:00+00:00,26646.41,26691.460000000003,26631.91,26685.460000000003,16872
2026-04-20T23:00:00+00:00,26685.460000000003,26686.960000000003,26666.59,26671.710000000003,10391
2026-04-21T00:00:00+00:00,26671.710000000003,26712.710000000003,26660.210000000003,26699.34,35795
2026-04-21T01:00:00+00:00,26699.34,26712.09,26682.59,26687.34,26950
2026-04-21T02:00:00+00:00,26687.34,26697.710000000003,26683.09,26686.84,16029
2026-04-21T03:00:00+00:00,26686.84,26691.460000000003,26665.91,26686.710000000003,14609
2026-04-21T04:00:00+00:00,26686.710000000003,26705.710000000003,26686.09,26700.09,9617
2026-04-21T05:00:00+00:00,26700.09,26718.34,26693.59,26700.710000000003,16874
2026-04-21T06:00:00+00:00,26700.710000000003,26731.710000000003,26697.84,26721.210000000003,21245
2026-04-21T07:00:00+00:00,26721.210000000003,26722.09,26680.84,26688.210000000003,35848
2026-04-21T08:00:00+00:00,26688.210000000003,26729.34,26671.960000000003,26711.460000000003,36791
2026-04-21T09:00:00+00:00,26711.460000000003,26722.09,26680.34,26715.59,28575
2026-04-21T10:00:00+00:00,26715.59,26756.960000000003,26709.59,26746.34,24799
2026-04-21T11:00:00+00:00,26746.34,26776.210000000003,26715.41,26745.84,40414
2026-04-21T12:00:00+00:00,26745.84,26754.84,26687.09,26695.34,61382
2026-04-21T13:00:00+00:00,26695.34,26713.86,26602.36,26713.36,213987
2026-04-21T14:00:00+00:00,26713.36,26760.11,26605.36,26612.36,225246
2026-04-21T15:00:00+00:00,26612.36,26661.24,26537.36,26606.86,282256
2026-04-21T16:00:00+00:00,26606.86,26656.74,26543.49,26545.86,148793
2026-04-21T17:00:00+00:00,26545.86,26638.36,26475.36,26574.49,222933
2026-04-21T18:00:00+00:00,26574.49,26621.74,26534.61,26598.99,143298
2026-04-21T19:00:00+00:00,26598.99,26661.74,26426.99,26516.86,232535
2026-04-21T20:00:00+00:00,26516.86,26668.210000000003,26476.59,26597.91,86426
2026-04-21T22:00:00+00:00,26597.91,26638.34,26597.91,26618.960000000003,20087
2026-04-21T23:00:00+00:00,26618.960000000003,26654.960000000003,26613.41,26651.34,13768
2026-04-22T00:00:00+00:00,26651.34,26695.710000000003,26649.59,26674.84,32042
2026-04-22T01:00:00+00:00,26674.84,26709.710000000003,26671.210000000003,26698.84,30969
2026-04-22T02:00:00+00:00,26698.84,26711.09,26694.09,26695.34,18077
2026-04-22T03:00:00+00:00,26695.34,26704.210000000003,26682.34,26686.09,16496
2026-04-22T04:00:00+00:00,26686.09,26695.710000000003,26652.34,26655.09,16971
2026-04-22T05:00:00+00:00,26655.09,26734.59,26643.66,26709.34,37816
2026-04-22T06:00:00+00:00,26709.34,26723.09,26681.09,26714.09,26732
2026-04-22T07:00:00+00:00,26714.09,26742.210000000003,26703.960000000003,26723.460000000003,34363
2026-04-22T08:00:00+00:00,26723.460000000003,26728.34,26657.84,26697.460000000003,44028
2026-04-22T09:00:00+00:00,26697.460000000003,26740.84,26685.84,26703.59,38777
2026-04-22T10:00:00+00:00,26703.59,26727.210000000003,26683.59,26703.960000000003,38462
2026-04-22T11:00:00+00:00,26703.960000000003,26716.34,26684.09,26711.84,40581
2026-04-22T12:00:00+00:00,26711.84,26778.210000000003,26697.210000000003,26699.34,61208
2026-04-22T13:00:00+00:00,26699.34,26770.49,26690.49,26742.86,220546
2026-04-22T14:00:00+00:00,26742.86,26884.74,26730.86,26850.11,224691
2026-04-22T15:00:00+00:00,26850.11,26886.24,26818.91,26858.61,152943
2026-04-22T16:00:00+00:00,26858.61,26882.49,26835.91,26844.61,107519
2026-04-22T17:00:00+00:00,26844.61,26928.24,26844.36,26908.11,91233
2026-04-22T18:00:00+00:00,26908.11,26919.24,26870.86,26892.11,73260
2026-04-22T19:00:00+00:00,26892.11,26970.99,26856.36,26957.86,109252
2026-04-22T20:00:00+00:00,26957.86,27014.09,26947.09,26985.04,46330
2026-04-22T22:00:00+00:00,26985.04,26985.04,26944.36,26965.230000000003,19385
2026-04-22T23:00:00+00:00,26965.230000000003,26977.439999999995,26959.809999999998,26973.559999999998,10861.382483234403
2026-04-23T00:00:00+00:00,26973.559999999998,26976.439999999995,26726.309999999998,26937.559999999998,104953
2026-04-23T01:00:00+00:00,26937.559999999998,26940.559999999998,26871.309999999998,26878.059999999998,54941
2026-04-23T02:00:00+00:00,26878.059999999998,26878.809999999998,26822.009999999995,26829.689999999995,61516
2026-04-23T03:00:00+00:00,26829.689999999995,26839.939999999995,26742.939999999995,26785.559999999998,56992
2026-04-23T04:00:00+00:00,26785.559999999998,26835.309999999998,26771.059999999998,26833.309999999998,34436
2026-04-23T05:00:00+00:00,26833.309999999998,26859.189999999995,26816.939999999995,26855.689999999995,36782
2026-04-23T06:00:00+00:00,26855.689999999995,26884.309999999998,26855.059999999998,26869.439999999995,34281
2026-04-23T07:00:00+00:00,26869.439999999995,26891.809999999998,26848.309999999998,26874.439999999995,50103
2026-04-23T08:00:00+00:00,26874.439999999995,26880.059999999998,26795.939999999995,26805.439999999995,53511
2026-04-23T09:00:00+00:00,26805.439999999995,26839.689999999995,26767.689999999995,26820.059999999998,51771
2026-04-23T10:00:00+00:00,26820.059999999998,26862.689999999995,26794.059999999998,26857.059999999998,45496
2026-04-23T11:00:00+00:00,26857.059999999998,26926.689999999995,26819.689999999995,26910.059999999998,60973
2026-04-23T12:00:00+00:00,26910.059999999998,26957.309999999998,26835.009999999995,26886.939999999995,74443
2026-04-23T13:00:00+00:00,26886.939999999995,26980.709999999995,26842.709999999995,26895.339999999997,194247
2026-04-23T14:00:00+00:00,26895.339999999997,26984.459999999995,26848.509999999995,26972.459999999995,226554
2026-04-23T15:00:00+00:00,26972.459999999995,27033.959999999995,26939.339999999997,26971.089999999997,150279
2026-04-23T16:00:00+00:00,26971.089999999997,26996.589999999997,26916.839999999997,26965.959999999995,115555
2026-04-23T17:00:00+00:00,26965.959999999995,26976.839999999997,26559.509999999995,26757.839999999997,413201
2026-04-23T18:00:00+00:00,26757.839999999997,26860.459999999995,26721.509999999995,26738.709999999995,191843
2026-04-23T19:00:00+00:00,26738.709999999995,26822.839999999997,26718.759999999995,26804.709999999995,161815
2026-04-23T20:00:00+00:00,26804.709999999995,26866.689999999995,26787.559999999998,26821.259999999995,50019
2026-04-23T22:00:00+00:00,26821.259999999995,26932.549999999996,26821.259999999995,26923.549999999996,24133
2026-04-23T23:00:00+00:00,26923.549999999996,26962.049999999996,26915.179999999997,26961.929999999997,15897
2026-04-24T00:00:00+00:00,26961.929999999997,27017.179999999997,26952.049999999996,27000.679999999997,37447
2026-04-24T01:00:00+00:00,27000.679999999997,27009.299999999996,26981.179999999997,26999.929999999997,37384
2026-04-24T02:00:00+00:00,26999.929999999997,27002.049999999996,26940.429999999997,26951.929999999997,39979
2026-04-24T03:00:00+00:00,26951.929999999997,26959.549999999996,26904.679999999997,26912.799999999996,31319
2026-04-24T04:00:00+00:00,26912.799999999996,26938.179999999997,26898.299999999996,26935.549999999996,27497
2026-04-24T05:00:00+00:00,26935.549999999996,26967.679999999997,26912.679999999997,26967.299999999996,27451
2026-04-24T06:00:00+00:00,26967.299999999996,26980.549999999996,26948.049999999996,26956.299999999996,28379
2026-04-24T07:00:00+00:00,26956.299999999996,26995.679999999997,26952.049999999996,26990.299999999996,36123
2026-04-24T08:00:00+00:00,26990.299999999996,27034.679999999997,26954.429999999997,26976.049999999996,56741
2026-04-24T09:00:00+00:00,26976.049999999996,27001.679999999997,26945.299999999996,26990.429999999997,45205
2026-04-24T10:00:00+00:00,26990.429999999997,27073.799999999996,26989.429999999997,27053.049999999996,36354
2026-04-24T11:00:00+00:00,27053.049999999996,27245.299999999996,27051.549999999996,27157.179999999997,112144
2026-04-24T12:00:00+00:00,27157.179999999997,27193.549999999996,27084.299999999996,27118.799999999996,78543
2026-04-24T13:00:00+00:00,27118.799999999996,27147.929999999997,27012.079999999994,27075.499999999996,266076
2026-04-24T14:00:00+00:00,27075.499999999996,27178.699999999997,27040.579999999994,27171.829999999994,319778
2026-04-24T15:00:00+00:00,27171.829999999994,27299.199999999997,27168.199999999997,27277.699999999997,222005
2026-04-24T16:00:00+00:00,27277.699999999997,27311.949999999997,27241.579999999994,27291.329999999994,132208
2026-04-24T17:00:00+00:00,27291.329999999994,27344.199999999997,27248.949999999997,27314.07,110334.51165356502
2026-04-24T18:00:00+00:00,27314.07,27324.57,27265.449999999997,27289.57,86083
2026-04-24T19:00:00+00:00,27289.57,27335.699999999997,27285.57,27315.32,103178
2026-04-24T20:00:00+00:00,27315.32,27324.72,27290.05,27315.800000000003,21297
2026-04-26T22:00:00+00:00,27315.800000000003,27315.800000000003,27230.210000000003,27282.390000000003,35923
2026-04-26T23:00:00+00:00,27282.390000000003,27284.390000000003,27253.960000000003,27270.760000000002,23189
2026-04-27T00:00:00+00:00,27270.760000000002,27355.260000000002,27265.260000000002,27342.010000000002,51226
2026-04-27T01:00:00+00:00,27342.010000000002,27425.510000000002,27342.010000000002,27423.890000000003,65751
2026-04-27T02:00:00+00:00,27423.890000000003,27428.260000000002,27398.390000000003,27405.640000000003,34803
2026-04-27T03:00:00+00:00,27405.640000000003,27421.760000000002,27399.710000000003,27411.390000000003,26783
2026-04-27T04:00:00+00:00,27411.390000000003,27426.260000000002,27394.760000000002,27404.260000000002,22849
2026-04-27T05:00:00+00:00,27404.260000000002,27406.510000000002,27330.140000000003,27335.890000000003,45313
2026-04-27T06:00:00+00:00,27335.890000000003,27341.640000000003,27308.010000000002,27320.890000000003,42990
2026-04-27T07:00:00+00:00,27320.890000000003,27330.390000000003,27293.640000000003,27311.890000000003,47956
2026-04-27T08:00:00+00:00,27311.890000000003,27331.260000000002,27274.890000000003,27326.390000000003,51025
2026-04-27T09:00:00+00:00,27326.390000000003,27352.390000000003,27322.640000000003,27341.390000000003,27952
2026-04-27T10:00:00+00:00,27341.390000000003,27370.010000000002,27327.140000000003,27361.890000000003,32038
2026-04-27T11:00:00+00:00,27361.890000000003,27386.760000000002,27361.390000000003,27368.260000000002,39401
2026-04-27T12:00:00+00:00,27368.260000000002,27370.140000000003,27276.760000000002,27305.390000000003,64359
2026-04-27T13:00:00+00:00,27305.390000000003,27319.390000000003,27185.41,27288.79,289983
2026-04-27T14:00:00+00:00,27288.79,27296.54,27208.91,27255.16,288001
2026-04-27T15:00:00+00:00,27255.16,27269.79,27194.66,27253.91,185833
2026-04-27T16:00:00+00:00,27253.91,27293.66,27234.91,27277.41,105131
2026-04-27T17:00:00+00:00,27277.41,27326.66,27267.41,27315.66,97392
2026-04-27T18:00:00+00:00,27315.66,27323.91,27278.04,27286.54,78375
2026-04-27T19:00:00+00:00,27286.54,27338.79,27277.54,27331.54,94101
2026-04-27T20:00:00+00:00,27331.54,27332.390000000003,27297.640000000003,27305.460000000003,25292
2026-04-27T22:00:00+00:00,27305.460000000003,27390.370000000003,27305.460000000003,27374.370000000003,31124
2026-04-27T23:00:00+00:00,27374.370000000003,27392.75,27364.120000000003,27379,16091
2026-04-28T00:00:00+00:00,27379,27401,27339.75,27357.25,53647
2026-04-28T01:00:00+00:00,27357.25,27373.75,27307,27310.620000000003,51092
2026-04-28T02:00:00+00:00,27310.620000000003,27326,27275.25,27283.870000000003,41083
2026-04-28T03:00:00+00:00,27283.870000000003,27317.870000000003,27278,27299.5,32923
2026-04-28T04:00:00+00:00,27299.5,27328.5,27294,27306.370000000003,26029
2026-04-28T05:00:00+00:00,27306.370000000003,27312.5,27239.370000000003,27253,46535
2026-04-28T06:00:00+00:00,27253,27267.120000000003,27211.620000000003,27226.5,49139
2026-04-28T07:00:00+00:00,27226.5,27241.75,27209.75,27226.870000000003,64209
2026-04-28T08:00:00+00:00,27226.870000000003,27248.25,27191.620000000003,27241.370000000003,60007
2026-04-28T09:00:00+00:00,27241.370000000003,27244.25,27145.370000000003,27173.5,59007
2026-04-28T10:00:00+00:00,27173.5,27189.870000000003,27127.75,27150.75,55210
2026-04-28T11:00:00+00:00,27150.75,27158.75,26969.75,26983.25,115156
2026-04-28T12:00:00+00:00,26983.25,27042.5,26925.5,27037.620000000003,131803
2026-04-28T13:00:00+00:00,27037.620000000003,27141.02,26959.52,27092.9,304461
2026-04-28T14:00:00+00:00,27092.9,27123.27,26901.9,26981.4,400353
2026-04-28T15:00:00+00:00,26981.4,27009.15,26899.27,26942.77,280456
2026-04-28T16:00:00+00:00,26942.77,26985.15,26917.9,26973.52,157796
2026-04-28T17:00:00+00:00,26973.52,27033.4,26937.02,27030.77,112541
2026-04-28T18:00:00+00:00,27030.77,27084.15,27010.15,27084.15,93329
2026-04-28T19:00:00+00:00,27084.15,27114.02,27044.15,27059.02,111710
2026-04-28T20:00:00+00:00,27059.02,27096.25,27036.370000000003,27080.7,37620
2026-04-28T22:00:00+00:00,27080.7,27126.050000000003,27080.7,27117.050000000003,17197
2026-04-28T23:00:00+00:00,27117.050000000003,27141.170000000002,27106.800000000003,27140.170000000002,11976
2026-04-29T00:00:00+00:00,27140.170000000002,27187.300000000003,27139.800000000003,27157.300000000003,30468
2026-04-29T01:00:00+00:00,27157.300000000003,27163.170000000002,27084.920000000002,27140.300000000003,59996
2026-04-29T02:00:00+00:00,27140.300000000003,27175.170000000002,27136.120000000003,27161.420000000002,33431
2026-04-29T03:00:00+00:00,27161.420000000002,27186.670000000002,27159.550000000003,27177.170000000002,20508
2026-04-29T04:00:00+00:00,27177.170000000002,27205.550000000003,27176.050000000003,27191.550000000003,17043
2026-04-29T05:00:00+00:00,27191.550000000003,27202.800000000003,27169.920000000002,27190.300000000003,23280
2026-04-29T06:00:00+00:00,27190.300000000003,27211.050000000003,27154.170000000002,27159.300000000003,32942
2026-04-29T07:00:00+00:00,27159.300000000003,27181.800000000003,27103.550000000003,27131.550000000003,55630
2026-04-29T08:00:00+00:00,27131.550000000003,27155.670000000002,27091.920000000002,27134.670000000002,73312
2026-04-29T09:00:00+00:00,27134.670000000002,27163.300000000003,27115.420000000002,27121.800000000003,55484
2026-04-29T10:00:00+00:00,27121.800000000003,27181.670000000002,27105.300000000003,27156.670000000002,46881
2026-04-29T11:00:00+00:00,27156.670000000002,27178.670000000002,27128.300000000003,27144.170000000002,56108
2026-04-29T12:00:00+00:00,27144.170000000002,27146.300000000003,27085.550000000003,27118.550000000003,64079
2026-04-29T13:00:00+00:00,27118.550000000003,27143.550000000003,27018.32,27114.95,235918
2026-04-29T14:00:00+00:00,27114.95,27209.2,27072.120000000003,27196.57,215614
2026-04-29T15:00:00+00:00,27196.57,27203.32,27092.95,27133.95,190348
2026-04-29T16:00:00+00:00,27133.95,27167.32,27047.45,27093.32,155042
2026-04-29T17:00:00+00:00,27093.32,27147.45,27063.95,27143.07,110498
2026-04-29T18:00:00+00:00,27143.07,27193.770000000004,27051.140000000003,27188.270000000004,182796.72996389892
2026-04-29T19:00:00+00:00,27188.270000000004,27230.890000000003,27155.390000000003,27229.390000000003,145449
2026-04-29T20:00:00+00:00,27229.390000000003,27306.120000000006,26987.190000000006,27042.070000000003,114869
2026-04-29T22:00:00+00:00,27042.070000000003,27394.140000000003,27042.070000000003,27365.770000000004,52780
2026-04-29T23:00:00+00:00,27365.770000000004,27450.890000000003,27347.090000000004,27445.640000000003,35690
2026-04-30T00:00:00+00:00,27445.640000000003,27517.390000000003,27445.640000000003,27489.520000000004,58335
2026-04-30T01:00:00+00:00,27489.520000000004,27496.020000000004,27450.520000000004,27474.890000000003,43640
2026-04-30T02:00:00+00:00,27474.890000000003,27482.390000000003,27280.590000000004,27321.140000000003,74461
2026-04-30T03:00:00+00:00,27321.140000000003,27347.640000000003,27297.140000000003,27303.890000000003,59975
2026-04-30T04:00:00+00:00,27303.890000000003,27305.270000000004,27125.520000000004,27127.390000000003,79156
2026-04-30T05:00:00+00:00,27127.390000000003,27203.140000000003,27116.270000000004,27118.020000000004,69351
2026-04-30T06:00:00+00:00,27118.020000000004,27201.890000000003,27079.890000000003,27177.770000000004,74463
2026-04-30T07:00:00+00:00,27177.770000000004,27272.140000000003,27164.270000000004,27245.890000000003,80281
2026-04-30T08:00:00+00:00,27245.890000000003,27290.890000000003,27219.020000000004,27254.390000000003,81805
2026-04-30T09:00:00+00:00,27254.390000000003,27336.890000000003,27225.270000000004,27262.140000000003,84989
2026-04-30T10:00:00+00:00,27262.140000000003,27327.020000000004,27245.340000000004,27269.090000000004,80541
2026-04-30T11:00:00+00:00,27269.090000000004,27388.520000000004,27265.640000000003,27334.020000000004,82239
2026-04-30T12:00:00+00:00,27334.020000000004,27439.890000000003,27332.390000000003,27418.270000000004,79036
2026-04-30T13:00:00+00:00,27418.270000000004,27434.520000000004,27097.840000000004,27141.540000000005,336540
2026-04-30T14:00:00+00:00,27141.540000000005,27270.920000000006,27058.170000000006,27254.170000000006,416074
2026-04-30T15:00:00+00:00,27254.170000000006,27330.040000000005,27226.420000000006,27282.670000000006,262032
2026-04-30T16:00:00+00:00,27282.670000000006,27329.670000000006,27242.840000000004,27265.540000000005,150629
2026-04-30T17:00:00+00:00,27265.540000000005,27442.670000000006,27264.290000000005,27438.040000000005,133883
2026-04-30T18:00:00+00:00,27438.040000000005,27486.540000000005,27436.670000000006,27446.290000000005,118136
2026-04-30T19:00:00+00:00,27446.290000000005,27516.670000000006,27437.290000000005,27473.420000000006,147856
2026-04-30T20:00:00+00:00,27473.420000000006,27511.640000000003,27455.840000000004,27492.340000000004,57072
2026-04-30T22:00:00+00:00,27492.340000000004,27540.760000000006,27451.510000000006,27474.010000000006,29557
2026-04-30T23:00:00+00:00,27474.010000000006,27518.010000000006,27471.510000000006,27488.640000000003,25588
2026-05-01T00:00:00+00:00,27488.640000000003,27536.390000000003,27486.640000000003,27520.010000000006,46848
2026-05-01T01:00:00+00:00,27520.010000000006,27552.890000000003,27508.010000000006,27544.510000000006,28333
2026-05-01T02:00:00+00:00,27544.510000000006,27547.140000000003,27519.260000000006,27537.010000000006,19151
2026-05-01T03:00:00+00:00,27537.010000000006,27568.510000000006,27529.710000000006,27537.390000000003,19780
2026-05-01T04:00:00+00:00,27537.390000000003,27538.640000000003,27515.640000000003,27522.890000000003,19812
2026-05-01T05:00:00+00:00,27522.890000000003,27534.510000000006,27507.390000000003,27511.390000000003,21479
2026-05-01T06:00:00+00:00,27511.390000000003,27523.260000000006,27486.140000000003,27490.890000000003,28165
2026-05-01T07:00:00+00:00,27490.890000000003,27520.140000000003,27466.760000000006,27474.260000000006,31725
2026-05-01T08:00:00+00:00,27474.260000000006,27492.390000000003,27449.510000000006,27461.390000000003,34303
2026-05-01T09:00:00+00:00,27461.390000000003,27471.010000000006,27440.010000000006,27465.260000000006,25970
2026-05-01T10:00:00+00:00,27465.260000000006,27475.510000000006,27431.140000000003,27464.760000000006,26981
2026-05-01T11:00:00+00:00,27464.760000000006,27469.260000000006,27433.010000000006,27458.760000000006,40098
2026-05-01T12:00:00+00:00,27458.760000000006,27520.260000000006,27442.390000000003,27471.890000000003,65288
2026-05-01T13:00:00+00:00,27471.890000000003,27768.210000000006,27470.010000000006,27766.210000000006,257980
2026-05-01T14:00:00+00:00,27766.210000000006,27802.040000000005,27646.540000000005,27710.040000000005,329617
2026-05-01T15:00:00+00:00,27710.040000000005,27812.040000000005,27664.210000000006,27785.660000000003,214518
2026-05-01T16:00:00+00:00,27785.660000000003,27796.910000000003,27700.790000000005,27726.660000000003,170198
2026-05-01T17:00:00+00:00,27726.660000000003,27792.040000000005,27723.660000000003,27779.040000000005,99515.58301432541
2026-05-01T18:00:00+00:00,27779.040000000005,27785.920000000006,27690.420000000006,27717.040000000005,121795
2026-05-01T19:00:00+00:00,27717.040000000005,27796.170000000006,27713.670000000006,27732.420000000006,118475
2026-05-01T20:00:00+00:00,27732.420000000006,27732.640000000007,27677.690000000002,27684.140000000003,35943
2026-05-03T22:00:00+00:00,27684.140000000003,27828.920000000002,27684.140000000003,27754.050000000003,42764
2026-05-03T23:00:00+00:00,27754.050000000003,27759.800000000003,27718.300000000003,27727.170000000002,30127
2026-05-04T00:00:00+00:00,27727.170000000002,27800.300000000003,27706.420000000002,27795.800000000003,61938
2026-05-04T01:00:00+00:00,27795.800000000003,27824.550000000003,27761.300000000003,27822.170000000002,56059
2026-05-04T02:00:00+00:00,27822.170000000002,27846.420000000002,27781.620000000003,27832.300000000003,45383
2026-05-04T03:00:00+00:00,27832.300000000003,27848.170000000002,27821.300000000003,27834.300000000003,33633
2026-05-04T04:00:00+00:00,27834.300000000003,27855.670000000002,27830.300000000003,27841.300000000003,22893
2026-05-04T05:00:00+00:00,27841.300000000003,27868.920000000002,27833.870000000003,27837.800000000003,31489
2026-05-04T06:00:00+00:00,27837.800000000003,27843.670000000002,27775.300000000003,27799.050000000003,48778
2026-05-04T07:00:00+00:00,27799.050000000003,27854.050000000003,27784.050000000003,27815.920000000002,54263
2026-05-04T08:00:00+00:00,27815.920000000002,27817.050000000003,27767.420000000002,27796.800000000003,64592
2026-05-04T09:00:00+00:00,27796.800000000003,27826.300000000003,27786.550000000003,27793.420000000002,38496
2026-05-04T10:00:00+00:00,27793.420000000002,27800.300000000003,27565.620000000003,27717.170000000002,169242
2026-05-04T11:00:00+00:00,27717.170000000002,27750.420000000002,27681.550000000003,27730.420000000002,88114
2026-05-04T12:00:00+00:00,27730.420000000002,27784.420000000002,27730.420000000002,27747.550000000003,75205
2026-05-04T13:00:00+00:00,27747.550000000003,27800.45,27690.050000000003,27798.57,270012
2026-05-04T14:00:00+00:00,27798.57,27844.07,27747.620000000003,27784.82,225130
2026-05-04T15:00:00+00:00,27784.82,27817.2,27600.620000000003,27637.45,328412
2026-05-04T16:00:00+00:00,27637.45,27650.7,27516.370000000003,27609.07,247091
2026-05-04T17:00:00+00:00,27609.07,27707.07,27607.32,27695.7,141241
2026-05-04T18:00:00+00:00,27695.7,27721.57,27621.95,27662.82,114692
2026-05-04T19:00:00+00:00,27662.82,27695.95,27643.45,27683.32,118630
2026-05-04T20:00:00+00:00,27683.32,27683.45,27641.420000000002,27646,33926
2026-05-04T22:00:00+00:00,27646,27693.170000000002,27645.29,27656.920000000002,19911
2026-05-04T23:00:00+00:00,27656.920000000002,27666.920000000002,27636.420000000002,27650.29,16827
2026-05-05T00:00:00+00:00,27650.29,27697.420000000002,27643.99,27688.79,42653
2026-05-05T01:00:00+00:00,27688.79,27736.170000000002,27672.04,27718.920000000002,43426
2026-05-05T02:00:00+00:00,27718.920000000002,27744.920000000002,27705.74,27719.420000000002,31047
2026-05-05T03:00:00+00:00,27719.420000000002,27752.170000000002,27715.54,27744.670000000002,19981
2026-05-05T04:00:00+00:00,27744.670000000002,27763.29,27731.29,27731.670000000002,17731
2026-05-05T05:00:00+00:00,27731.670000000002,27758.670000000002,27722.74,27757.04,26204
2026-05-05T06:00:00+00:00,27757.04,27790.54,27722.54,27784.170000000002,43365
2026-05-05T07:00:00+00:00,27784.170000000002,27830.54,27778.920000000002,27785.29,55527
2026-05-05T08:00:00+00:00,27785.29,27845.54,27783.04,27832.920000000002,46512
2026-05-05T09:00:00+00:00,27832.920000000002,27861.04,27813.04,27839.670000000002,39058
2026-05-05T10:00:00+00:00,27839.670000000002,27862.920000000002,27826.420000000002,27838.920000000002,35648
2026-05-05T11:00:00+00:00,27838.920000000002,27850.79,27803.920000000002,27847.04,48856
2026-05-05T12:00:00+00:00,27847.04,27909.920000000002,27832.79,27877.170000000002,57002
2026-05-05T13:00:00+00:00,27877.170000000002,28016.440000000002,27875.690000000002,27986.49,205208
2026-05-05T14:00:00+00:00,27986.49,28043.440000000002,27936.82,28000.57,228873
2026-05-05T15:00:00+00:00,28000.57,28051.32,27991.940000000002,28031.190000000002,122151
2026-05-05T16:00:00+00:00,28031.190000000002,28056.690000000002,27995.190000000002,28029.690000000002,100287
2026-05-05T17:00:00+00:00,28029.690000000002,28071.940000000002,28012.440000000002,28063.690000000002,71714
2026-05-05T18:00:00+00:00,28063.690000000002,28089.940000000002,28058.690000000002,28072.940000000002,60291
2026-05-05T19:00:00+00:00,28072.940000000002,28092.32,28013.190000000002,28040.07,90854
2026-05-05T20:00:00+00:00,28040.07,28150.670000000002,28014.24,28111.24,66283
2026-05-05T22:00:00+00:00,28111.24,28323.730000000003,28111.24,28281.16,37658
2026-05-05T23:00:00+00:00,28281.16,28290.66,28250.91,28275.280000000002,43275
2026-05-06T00:00:00+00:00,28275.280000000002,28277.91,28153.66,28180.780000000002,78551
2026-05-06T01:00:00+00:00,28180.780000000002,28212.41,28173.530000000002,28197.66,59573
2026-05-06T02:00:00+00:00,28197.66,28201.91,28167.480000000003,28193.41,44373
2026-05-06T03:00:00+00:00,28193.41,28239.91,28188.16,28217.780000000002,35311
2026-05-06T04:00:00+00:00,28217.780000000002,28249.530000000002,28215.66,28240.780000000002,35383
2026-05-06T05:00:00+00:00,28240.780000000002,28264.780000000002,28231.530000000002,28259.66,37530
2026-05-06T06:00:00+00:00,28259.66,28274.030000000002,28205.16,28240.280000000002,48110
2026-05-06T07:00:00+00:00,28240.280000000002,28258.030000000002,28214.16,28252.41,56777
2026-05-06T08:00:00+00:00,28252.41,28422.280000000002,28229.030000000002,28388.030000000002,86291
2026-05-06T09:00:00+00:00,28388.030000000002,28419.66,28320.16,28411.780000000002,88108
2026-05-06T10:00:00+00:00,28411.780000000002,28518.530000000002,28407.16,28490.41,83153
2026-05-06T11:00:00+00:00,28490.41,28539.66,28417.980000000003,28444.16,101611
2026-05-06T12:00:00+00:00,28444.16,28446.030000000002,28331.980000000003,28362.66,107598
2026-05-06T13:00:00+00:00,28362.66,28411.31,28242.06,28374.31,303144
2026-05-06T14:00:00+00:00,28374.31,28456.18,28290.56,28442.81,319847
2026-05-06T15:00:00+00:00,28442.81,28492.06,28423.93,28465.93,155929
2026-05-06T16:00:00+00:00,28465.93,28506.93,28418.06,28444.93,110792
2026-05-06T17:00:00+00:00,28444.93,28515.81,28434.43,28505.68,79009
2026-05-06T18:00:00+00:00,28505.68,28571.43,28497.56,28545.93,78143
2026-05-06T19:00:00+00:00,28545.93,28631.31,28543.18,28616.93,102895
2026-05-06T20:00:00+00:00,28616.93,28705.16,28599.780000000002,28618.11,57968
2026-05-06T22:00:00+00:00,28618.11,28618.11,28556.780000000002,28583.08,27055
2026-05-06T23:00:00+00:00,28583.08,28599.760000000002,28561.460000000003,28576.890000000003,25269.379823331463
2026-05-07T00:00:00+00:00,28576.890000000003,28600.010000000002,28543.760000000002,28568.510000000002,72007
2026-05-07T01:00:00+00:00,28568.510000000002,28622.510000000002,28544.760000000002,28604.640000000003,47884
2026-05-07T02:00:00+00:00,28604.640000000003,28613.010000000002,28558.890000000003,28592.260000000002,41802
2026-05-07T03:00:00+00:00,28592.260000000002,28608.890000000003,28579.760000000002,28598.260000000002,31780
2026-05-07T04:00:00+00:00,28598.260000000002,28620.010000000002,28591.890000000003,28610.890000000003,23713
2026-05-07T05:00:00+00:00,28610.890000000003,28634.390000000003,28600.510000000002,28626.890000000003,28083
2026-05-07T06:00:00+00:00,28626.890000000003,28654.510000000002,28601.260000000002,28644.260000000002,44254
2026-05-07T07:00:00+00:00,28644.260000000002,28711.510000000002,28634.760000000002,28684.640000000003,72822
2026-05-07T08:00:00+00:00,28684.640000000003,28721.260000000002,28635.390000000003,28643.510000000002,60907
2026-05-07T09:00:00+00:00,28643.510000000002,28669.260000000002,28618.210000000003,28636.890000000003,51113
2026-05-07T10:00:00+00:00,28636.890000000003,28649.260000000002,28597.460000000003,28633.640000000003,45514
2026-05-07T11:00:00+00:00,28633.640000000003,28657.390000000003,28611.890000000003,28638.890000000003,49697
2026-05-07T12:00:00+00:00,28638.890000000003,28666.640000000003,28623.760000000002,28661.390000000003,47390
2026-05-07T13:00:00+00:00,28661.390000000003,28709.54,28615.160000000003,28688.54,235428
2026-05-07T14:00:00+00:00,28688.54,28851.910000000003,28686.04,28835.160000000003,225728
2026-05-07T15:00:00+00:00,28835.160000000003,28837.160000000003,28679.660000000003,28691.410000000003,218742
2026-05-07T16:00:00+00:00,28691.410000000003,28695.29,28543.910000000003,28603.79,290263
2026-05-07T17:00:00+00:00,28603.79,28620.410000000003,28458.960000000003,28603.04,295443
2026-05-07T18:00:00+00:00,28603.04,28623.410000000003,28489.54,28551.79,220898
2026-05-07T19:00:00+00:00,28551.79,28615.54,28493.54,28590.910000000003,180285
2026-05-07T20:00:00+00:00,28590.910000000003,28672.640000000003,28539.260000000002,28549.710000000003,73689
2026-05-07T22:00:00+00:00,28549.710000000003,28578.33,28449.030000000002,28522.08,34209
2026-05-07T23:00:00+00:00,28522.08,28587.08,28514.710000000003,28586.33,25543
2026-05-08T00:00:00+00:00,28586.33,28654.58,28586.33,28652.33,44887
2026-05-08T01:00:00+00:00,28652.33,28689.83,28651.460000000003,28667.83,39697
2026-05-08T02:00:00+00:00,28667.83,28680.33,28616.83,28654.960000000003,44400
2026-05-08T03:00:00+00:00,28654.960000000003,28683.83,28651.08,28680.210000000003,32214
2026-05-08T04:00:00+00:00,28680.210000000003,28702.960000000003,28665.33,28686.710000000003,29913
2026-05-08T05:00:00+00:00,28686.710000000003,28736.960000000003,28686.33,28712.460000000003,32279
2026-05-08T06:00:00+00:00,28712.460000000003,28745.460000000003,28691.33,28743.08,39860
2026-05-08T07:00:00+00:00,28743.08,28744.58,28711.530000000002,28735.710000000003,51718
2026-05-08T08:00:00+00:00,28735.710000000003,28776.460000000003,28731.710000000003,28769.460000000003,44800
2026-05-08T09:00:00+00:00,28769.460000000003,28804.460000000003,28739.210000000003,28759.210000000003,37700
2026-05-08T10:00:00+00:00,28759.210000000003,28797.08,28748.460000000003,28770.460000000003,35221
2026-05-08T11:00:00+00:00,28770.460000000003,28821.960000000003,28770.460000000003,28805.710000000003,38401
2026-05-08T12:00:00+00:00,28805.710000000003,28883.33,28784.58,28820.08,67582
2026-05-08T13:00:00+00:00,28820.08,29018.11,28767.530000000002,29014.530000000002,241608
2026-05-08T14:00:00+00:00,29014.530000000002,29082.86,28981.11,29069.61,250296
2026-05-08T15:00:00+00:00,29069.61,29124.980000000003,29032.61,29099.11,160367
2026-05-08T16:00:00+00:00,29099.11,29155.480000000003,29097.980000000003,29148.61,113635
2026-05-08T17:00:00+00:00,29148.61,29224.980000000003,29142.86,29171.56,115225.52299458584
2026-05-08T18:00:00+00:00,29171.56,29211.19,29145.19,29147.81,99183
2026-05-08T19:00:00+00:00,29147.81,29248.06,29145.56,29247.31,111623
2026-05-08T20:00:00+00:00,29247.31,29290.29,29238.15,29247.600000000002,32948
2026-05-10T22:00:00+00:00,29247.600000000002,29247.600000000002,29137.550000000003,29205.350000000002,43850
2026-05-10T23:00:00+00:00,29205.350000000002,29257.480000000003,29201.850000000002,29215.230000000003,37972
2026-05-11T00:00:00+00:00,29215.230000000003,29310.980000000003,29176.550000000003,29206.980000000003,86946
2026-05-11T01:00:00+00:00,29206.980000000003,29264.100000000002,29158.050000000003,29250.480000000003,87385
2026-05-11T02:00:00+00:00,29250.480000000003,29271.980000000003,29234.350000000002,29248.350000000002,47845
2026-05-11T03:00:00+00:00,29248.350000000002,29259.230000000003,29222.800000000003,29235.350000000002,43734
2026-05-11T04:00:00+00:00,29235.350000000002,29255.230000000003,29203.850000000002,29252.730000000003,33625
2026-05-11T05:00:00+00:00,29252.730000000003,29265.230000000003,29228.850000000002,29232.980000000003,36661
2026-05-11T06:00:00+00:00,29232.980000000003,29265.600000000002,29211.730000000003,29232.850000000002,39466
2026-05-11T07:00:00+00:00,29232.850000000002,29238.980000000003,29198.230000000003,29233.980000000003,51232
2026-05-11T08:00:00+00:00,29233.980000000003,29241.730000000003,29174.850000000002,29208.730000000003,63837
2026-05-11T09:00:00+00:00,29208.730000000003,29276.350000000002,29206.100000000002,29226.850000000002,42025
2026-05-11T10:00:00+00:00,29226.850000000002,29244.480000000003,29200.480000000003,29212.980000000003,45901
2026-05-11T11:00:00+00:00,29212.980000000003,29299.730000000003,29211.480000000003,29259.480000000003,57162
2026-05-11T12:00:00+00:00,29259.480000000003,29264.230000000003,29170.850000000002,29208.850000000002,77005
2026-05-11T13:00:00+00:00,29208.850000000002,29346.13,29192.980000000003,29222.13,270949
2026-05-11T14:00:00+00:00,29222.13,29329.38,29158.550000000003,29302.25,273911
2026-05-11T15:00:00+00:00,29302.25,29386.63,29271.25,29376.5,163425
2026-05-11T16:00:00+00:00,29376.5,29391.38,29280.800000000003,29316.5,131775
2026-05-11T17:00:00+00:00,29316.5,29387.88,29288.75,29353,117011
2026-05-11T18:00:00+00:00,29353,29386.38,29297.63,29299.75,102701
2026-05-11T19:00:00+00:00,29299.75,29346,29282.63,29339.88,161895
2026-05-11T20:00:00+00:00,29339.88,29340.980000000003,29230.800000000003,29310.300000000003,47594
2026-05-11T22:00:00+00:00,29310.300000000003,29369.82,29308.02,29358.95,9767
2026-05-11T23:00:00+00:00,29358.95,29367.45,29332.77,29342.2,11455
2026-05-12T00:00:00+00:00,29342.2,29342.45,29267.2,29292.45,57735
2026-05-12T01:00:00+00:00,29292.45,29305.45,29141.2,29184.2,85275
2026-05-12T02:00:00+00:00,29184.2,29278.95,29173.57,29275.07,67321
2026-05-12T03:00:00+00:00,29275.07,29278.07,29234.2,29238.82,37939
2026-05-12T04:00:00+00:00,29238.82,29251.82,29196.2,29196.2,34329
2026-05-12T05:00:00+00:00,29196.2,29217.07,29184.32,29195.95,53133
2026-05-12T06:00:00+00:00,29195.95,29205.82,29127.82,29132.7,53193
2026-05-12T07:00:00+00:00,29132.7,29168.2,29089.95,29154.07,61971
2026-05-12T08:00:00+00:00,29154.07,29159.32,29087.7,29128.32,64127
2026-05-12T09:00:00+00:00,29128.32,29159.82,29089.57,29134.7,53593
2026-05-12T10:00:00+00:00,29134.7,29161.7,29098.77,29121.82,43702
2026-05-12T11:00:00+00:00,29121.82,29130.82,29047.07,29079.32,61300
2026-05-12T12:00:00+00:00,29079.32,29145.82,29027.7,29136.95,91395
2026-05-12T13:00:00+00:00,29136.95,29209.97,29025.27,29042.850000000002,314258
2026-05-12T14:00:00+00:00,29042.850000000002,29140.850000000002,28914.350000000002,28928.350000000002,420341
2026-05-12T15:00:00+00:00,28928.350000000002,28945.22,28742.72,28754.350000000002,309316
2026-05-12T16:00:00+00:00,28754.350000000002,28827.600000000002,28656.350000000002,28663.47,230529
2026-05-12T17:00:00+00:00,28663.47,28843.600000000002,28663.100000000002,28834.100000000002,188380
2026-05-12T18:00:00+00:00,28834.100000000002,28921.350000000002,28825.77,28870.100000000002,158670
2026-05-12T19:00:00+00:00,28870.100000000002,29102.600000000002,28870.100000000002,29087.72,159627
2026-05-12T20:00:00+00:00,29087.72,29089.57,29016.7,29048.15,51981
2026-05-12T22:00:00+00:00,29048.15,29103.59,29048.15,29059.710000000003,19255
2026-05-12T23:00:00+00:00,29059.710000000003,29074.460000000003,28994.84,28999.09,30802
2026-05-13T00:00:00+00:00,28999.09,29073.210000000003,28973.210000000003,29061.710000000003,89981
2026-05-13T01:00:00+00:00,29061.710000000003,29177.09,29059.460000000003,29132.210000000003,66070
2026-05-13T02:00:00+00:00,29132.210000000003,29158.09,29119.460000000003,29139.84,47819
2026-05-13T03:00:00+00:00,29139.84,29181.59,29120.59,29165.59,37053
2026-05-13T04:00:00+00:00,29165.59,29214.210000000003,29160.59,29204.34,25974
2026-05-13T05:00:00+00:00,29204.34,29226.84,29192.460000000003,29213.59,35760
2026-05-13T06:00:00+00:00,29213.59,29269.210000000003,29207.34,29226.59,41197
2026-05-13T07:00:00+00:00,29226.59,29287.960000000003,29206.34,29287.710000000003,49141
2026-05-13T08:00:00+00:00,29287.710000000003,29363.84,29286.460000000003,29329.710000000003,50235
2026-05-13T09:00:00+00:00,29329.710000000003,29343.210000000003,29283.710000000003,29337.460000000003,45060
2026-05-13T10:00:00+00:00,29337.460000000003,29340.59,29284.710000000003,29301.84,45629
2026-05-13T11:00:00+00:00,29301.84,29311.34,29265.210000000003,29286.84,54123
2026-05-13T12:00:00+00:00,29286.84,29318.210000000003,29117.210000000003,29153.09,101127
2026-05-13T13:00:00+00:00,29153.09,29221.34,28992.74,29087.11,330561
2026-05-13T14:00:00+00:00,29087.11,29239.11,29029.49,29234.74,336744
2026-05-13T15:00:00+00:00,29234.74,29300.36,29199.36,29226.99,188096
2026-05-13T16:00:00+00:00,29226.99,29380.36,29216.86,29365.11,143736
2026-05-13T17:00:00+00:00,29365.11,29413.36,29359.61,29361.24,95693
2026-05-13T18:00:00+00:00,29361.24,29482.36,29358.99,29389.61,117918.07518619714
2026-05-13T19:00:00+00:00,29389.61,29457.11,29367.11,29393.36,123086
2026-05-13T20:00:00+00:00,29393.36,29463.83,29365.58,29453.41,42785
2026-05-13T22:00:00+00:00,29453.41,29526.78,29446.03,29508.28,23679
2026-05-13T23:00:00+00:00,29508.28,29566.53,29508.28,29550.78,27384
2026-05-14T00:00:00+00:00,29550.78,29611.15,29509.4,29599.53,60716
2026-05-14T01:00:00+00:00,29599.53,29601.15,29521.4,29526.9,52388
2026-05-14T02:00:00+00:00,29526.9,29553.28,29489.65,29505.9,46372
2026-05-14T03:00:00+00:00,29505.9,29529.53,29440.28,29454.03,49648
2026-05-14T04:00:00+00:00,29454.03,29517.65,29432.9,29485.9,41523
2026-05-14T05:00:00+00:00,29485.9,29532.53,29453.78,29521.65,60639
2026-05-14T06:00:00+00:00,29521.65,29559.03,29521.28,29526.65,50762
2026-05-14T07:00:00+00:00,29526.65,29551.65,29484.9,29492.4,53271
2026-05-14T08:00:00+00:00,29492.4,29547.65,29465.03,29494.78,62483
2026-05-14T09:00:00+00:00,29494.78,29507.65,29399.53,29452.03,54540
2026-05-14T10:00:00+00:00,29452.03,29511.65,29433.15,29462.9,59086
2026-05-14T11:00:00+00:00,29462.9,29495.53,29426.4,29457.9,55828
2026-05-14T12:00:00+00:00,29457.9,29493.4,29395.600000000002,29412.9,62423
2026-05-14T13:00:00+00:00,29412.9,29603.43,29366.9,29460.55,290770
2026-05-14T14:00:00+00:00,29460.55,29648.43,29452.3,29593.18,311167
2026-05-14T15:00:00+00:00,29593.18,29692.68,29583.93,29674.43,159234
2026-05-14T16:00:00+00:00,29674.43,29700.8,29611.100000000002,29646.68,164062
2026-05-14T17:00:00+00:00,29646.68,29673.18,29514.05,29650.05,211970
2026-05-14T18:00:00+00:00,29650.05,29650.3,29559.43,29627.43,163885
2026-05-14T19:00:00+00:00,29627.43,29653.55,29597.55,29604.8,115770
2026-05-14T20:00:00+00:00,29604.8,29655.9,29553.350000000002,29607.73,48302
2026-05-14T22:00:00+00:00,29607.73,29637.07,29586.82,29624.19,19098
2026-05-14T23:00:00+00:00,29624.19,29649.44,29591.19,29603.82,22725
2026-05-15T00:00:00+00:00,29603.82,29643.07,29552.94,29599.94,70827
2026-05-15T01:00:00+00:00,29599.94,29607.69,29429.32,29434.69,101713
2026-05-15T02:00:00+00:00,29434.69,29514.19,29409.94,29497.07,90057
2026-05-15T03:00:00+00:00,29497.07,29509.69,29447.69,29480.19,62205
2026-05-15T04:00:00+00:00,29480.19,29480.57,29362.07,29378.19,62821
2026-05-15T05:00:00+00:00,29378.19,29380.19,29196.94,29197.19,103569
2026-05-15T06:00:00+00:00,29197.19,29330.44,29163.82,29319.44,104979
2026-05-15T07:00:00+00:00,29319.44,29384.94,29293.07,29321.82,72947
2026-05-15T08:00:00+00:00,29321.82,29328.19,29102.57,29181.32,119497
2026-05-15T09:00:00+00:00,29181.32,29205.57,29093.94,29140.82,103041
2026-05-15T10:00:00+00:00,29140.82,29291.19,29116.07,29245.32,103470
2026-05-15T11:00:00+00:00,29245.32,29270.82,29167.39,29170.57,85432
2026-05-15T12:00:00+00:00,29170.57,29171.69,29058.94,29106.94,110920
2026-05-15T13:00:00+00:00,29106.94,29207.59,29006.22,29063.34,407894
2026-05-15T14:00:00+00:00,29063.34,29299.09,29048.47,29197.72,472080
2026-05-15T15:00:00+00:00,29197.72,29296.97,29128.72,29197.97,346666
2026-05-15T16:00:00+00:00,29197.97,29267.84,29168.09,29239.47,225942
2026-05-15T17:00:00+00:00,29239.47,29367.09,29228.34,29364.84,155594
2026-05-15T18:00:00+00:00,29364.84,29403.34,29232.72,29306.34,193267
2026-05-15T19:00:00+00:00,29306.34,29314.97,29124.84,29149.59,215310
2026-05-15T20:00:00+00:00,29149.59,29149.59,29027.19,29089.9,71347
2026-05-17T22:00:00+00:00,29089.9,29210.68,29037.81,29159.68,64155
2026-05-17T23:00:00+00:00,29159.68,29174.31,28939.18,29045.81,98846
2026-05-18T00:00:00+00:00,29045.81,29071.18,28866.18,28960.56,176431
2026-05-18T01:00:00+00:00,28960.56,28976.56,28854.18,28949.43,145375
2026-05-18T02:00:00+00:00,28949.43,29020.31,28919.81,28937.31,95883
2026-05-18T03:00:00+00:00,28937.31,28998.18,28931.18,28982.93,91032
2026-05-18T04:00:00+00:00,28982.93,29043.56,28947.93,28978.18,77844
2026-05-18T05:00:00+00:00,28978.18,29024.68,28949.18,28970.43,91282
2026-05-18T06:00:00+00:00,28970.43,29040.06,28917.81,29038.31,87076
2026-05-18T07:00:00+00:00,29038.31,29102.68,28987.18,29047.81,104679
2026-05-18T08:00:00+00:00,29047.81,29169.81,29047.81,29168.43,81148
2026-05-18T09:00:00+00:00,29168.43,29176.06,29097.06,29117.43,62102
2026-05-18T10:00:00+00:00,29117.43,29122.68,29008.06,29047.81,70075
2026-05-18T11:00:00+00:00,29047.81,29201.31,28981.31,29104.31,116214
2026-05-18T12:00:00+00:00,29104.31,29346.56,29098.93,29335.56,132588
2026-05-18T13:00:00+00:00,29335.56,29345.81,29065.83,29170.08,355622
2026-05-18T14:00:00+00:00,29170.08,29225.83,28902.21,29010.08,479561
2026-05-18T15:00:00+00:00,29010.08,29051.46,28869.46,28923.96,353064
2026-05-18T16:00:00+00:00,28923.96,28999.21,28770.46,28933.33,281178
2026-05-18T17:00:00+00:00,28933.33,28964.33,28887.96,28941.21,211256
2026-05-18T18:00:00+00:00,28941.21,28947.71,28743.21,28770.21,232415
2026-05-18T19:00:00+00:00,28770.21,29040.46,28765.46,29026.21,275123
2026-05-18T20:00:00+00:00,29026.21,29036.06,28996.56,29002.88,49451
2026-05-18T22:00:00+00:00,29002.88,29103.24,29002.88,29087.87,35748
2026-05-18T23:00:00+00:00,29087.87,29114.74,29044.24,29064.24,36669
2026-05-19T00:00:00+00:00,29064.24,29117.37,29008.99,29014.37,122730
2026-05-19T01:00:00+00:00,29014.37,29025.24,28921.49,28943.49,120749
2026-05-19T02:00:00+00:00,28943.49,28944.24,28860.74,28902.24,100642
2026-05-19T03:00:00+00:00,28902.24,28968.74,28875.24,28920.49,81181
2026-05-19T04:00:00+00:00,28920.49,28921.24,28834.62,28891.37,85355
2026-05-19T05:00:00+00:00,28891.37,28906.49,28815.360000000004,28865.610000000004,99601
2026-05-19T06:00:00+00:00,28865.610000000004,28951.110000000004,28835.49,28950.74,84446
2026-05-19T07:00:00+00:00,28950.74,29055.360000000004,28935.610000000004,29032.360000000004,83207
2026-05-19T08:00:00+00:00,29032.360000000004,29047.49,28903.74,28935.49,87538
2026-05-19T09:00:00+00:00,28935.49,28936.110000000004,28766.81,28845.110000000004,94127
2026-05-19T10:00:00+00:00,28845.110000000004,28860.860000000004,28770.24,28853.860000000004,89035
2026-05-19T11:00:00+00:00,28853.860000000004,28880.99,28783.99,28784.360000000004,90809
2026-05-19T12:00:00+00:00,28784.360000000004,28867.110000000004,28763.110000000004,28842.230000000007,92300
2026-05-19T13:00:00+00:00,28842.230000000007,28997.630000000005,28733.230000000007,28865.380000000005,397988
2026-05-19T14:00:00+00:00,28865.380000000005,28873.880000000005,28594.260000000006,28733.630000000005,477017
2026-05-19T15:00:00+00:00,28733.630000000005,28807.510000000006,28657.880000000005,28746.260000000006,327871
2026-05-19T16:00:00+00:00,28746.260000000006,28964.380000000005,28722.760000000006,28952.260000000006,246811
2026-05-19T17:00:00+00:00,28952.260000000006,29056.260000000006,28939.260000000006,28999.630000000005,193862
2026-05-19T18:00:00+00:00,28999.630000000005,29031.260000000006,28872.510000000006,28890.260000000006,194185
2026-05-19T19:00:00+00:00,28890.260000000006,28989.130000000005,28799.380000000005,28852.260000000006,219673
2026-05-19T20:00:00+00:00,28852.260000000006,28870.980000000007,28817.110000000004,28829.310000000005,53465
2026-05-19T22:00:00+00:00,28829.310000000005,28889.720000000005,28800.850000000006,28844.350000000006,32800
2026-05-19T23:00:00+00:00,28844.350000000006,28955.350000000006,28836.850000000006,28884.220000000005,36676
2026-05-20T00:00:00+00:00,28884.220000000005,28905.100000000006,28732.600000000006,28871.970000000005,144176
2026-05-20T01:00:00+00:00,28871.970000000005,28931.470000000005,28792.100000000006,28913.470000000005,132312
2026-05-20T02:00:00+00:00,28913.470000000005,28949.720000000005,28799.350000000006,28818.100000000006,110214
2026-05-20T03:00:00+00:00,28818.100000000006,28847.100000000006,28772.850000000006,28828.970000000005,87310
2026-05-20T04:00:00+00:00,28828.970000000005,28882.220000000005,28804.100000000006,28815.970000000005,72289
2026-05-20T05:00:00+00:00,28815.970000000005,28914.720000000005,28815.720000000005,28887.600000000006,88744
2026-05-20T06:00:00+00:00,28887.600000000006,28972.720000000005,28884.100000000006,28972.470000000005,79052
2026-05-20T07:00:00+00:00,28972.470000000005,28997.600000000006,28948.350000000006,28959.970000000005,71078
2026-05-20T08:00:00+00:00,28959.970000000005,29069.600000000006,28957.350000000006,29032.470000000005,73627
2026-05-20T09:00:00+00:00,29032.470000000005,29082.470000000005,28998.850000000002,29057.100000000002,54032
2026-05-20T10:00:00+00:00,29057.100000000002,29090.350000000002,29036.600000000002,29040.850000000002,55313
2026-05-20T11:00:00+00:00,29040.850000000002,29061.720000000005,28996.850000000002,29014.220000000005,70654
2026-05-20T12:00:00+00:00,29014.220000000005,29102.220000000005,29005.970000000005,29037.220000000005,80369
2026-05-20T13:00:00+00:00,29037.220000000005,29127.750000000004,28958.120000000006,29032.750000000004,356294
2026-05-20T14:00:00+00:00,29032.750000000004,29212.250000000004,28941.870000000006,29194.250000000004,412070
2026-05-20T15:00:00+00:00,29194.250000000004,29328.370000000006,29166.250000000004,29264.500000000004,225035
2026-05-20T16:00:00+00:00,29264.500000000004,29270.370000000006,29145.250000000004,29195.870000000006,204193
2026-05-20T17:00:00+00:00,29195.870000000006,29258.500000000004,29163.000000000004,29235.120000000006,154220
2026-05-20T18:00:00+00:00,29235.120000000006,29277.500000000004,29208.920000000006,29234.250000000004,132304
2026-05-20T19:00:00+00:00,29234.250000000004,29329.120000000006,29232.000000000004,29327.500000000004,124377
2026-05-20T20:00:00+00:00,29327.500000000004,29328.850000000006,29181.420000000006,29210.920000000006,104022
2026-05-20T22:00:00+00:00,29210.920000000006,29210.920000000006,29044.330000000005,29121.760000000006,45919
2026-05-20T23:00:00+00:00,29121.760000000006,29155.010000000006,29099.130000000005,29123.260000000006,33948
2026-05-21T00:00:00+00:00,29123.260000000006,29163.380000000005,29102.580000000005,29151.760000000006,72221
2026-05-21T01:00:00+00:00,29151.760000000006,29251.130000000005,29151.760000000006,29243.130000000005,52709
2026-05-21T02:00:00+00:00,29243.130000000005,29307.510000000006,29243.130000000005,29259.630000000005,44228
2026-05-21T03:00:00+00:00,29259.630000000005,29311.630000000005,29256.510000000006,29292.510000000006,36882
2026-05-21T04:00:00+00:00,29292.510000000006,29355.13000000001,29290.510000000006,29349.760000000006,26566
2026-05-21T05:00:00+00:00,29349.760000000006,29370.13000000001,29228.830000000005,29297.63000000001,56189
2026-05-21T06:00:00+00:00,29297.63000000001,29323.88000000001,29209.760000000006,29231.760000000006,62630
2026-05-21T07:00:00+00:00,29231.760000000006,29263.63000000001,29132.830000000005,29252.63000000001,68910
2026-05-21T08:00:00+00:00,29252.63000000001,29393.38000000001,29241.260000000006,29304.510000000006,81737
2026-05-21T09:00:00+00:00,29304.510000000006,29359.63000000001,29298.080000000005,29311.63000000001,53690
2026-05-21T10:00:00+00:00,29311.63000000001,29323.760000000006,29121.330000000005,29177.010000000006,101276
2026-05-21T11:00:00+00:00,29177.010000000006,29223.88000000001,29135.330000000005,29183.88000000001,76007
2026-05-21T12:00:00+00:00,29183.88000000001,29222.760000000006,29116.260000000006,29124.260000000006,105751
2026-05-21T13:00:00+00:00,29124.260000000006,29245.660000000007,29105.280000000006,29219.160000000007,379295
2026-05-21T14:00:00+00:00,29219.160000000007,29269.780000000006,29058.410000000007,29165.910000000007,441205
2026-05-21T15:00:00+00:00,29165.910000000007,29234.910000000007,29069.780000000006,29197.410000000007,276612
2026-05-21T16:00:00+00:00,29197.410000000007,29241.280000000006,29138.660000000007,29188.160000000007,188133
2026-05-21T17:00:00+00:00,29188.160000000007,29484.780000000006,29188.160000000007,29427.660000000007,237449
2026-05-21T18:00:00+00:00,29427.660000000007,29452.660000000007,29224.580000000005,29268.530000000006,211878
2026-05-21T19:00:00+00:00,29268.530000000006,29394.280000000006,29266.280000000006,29376.160000000007,172872
2026-05-21T20:00:00+00:00,29376.160000000007,29402.13000000001,29364.260000000006,29385.960000000006,37134
2026-05-21T22:00:00+00:00,29385.960000000006,29478.330000000005,29379.650000000005,29472.950000000008,31938
2026-05-21T23:00:00+00:00,29472.950000000008,29518.950000000008,29469.580000000005,29485.200000000008,22853
2026-05-22T00:00:00+00:00,29485.200000000008,29538.080000000005,29469.700000000008,29500.200000000008,66966
2026-05-22T01:00:00+00:00,29500.200000000008,29513.450000000008,29426.650000000005,29464.450000000008,70147
2026-05-22T02:00:00+00:00,29464.450000000008,29490.580000000005,29439.650000000005,29483.950000000008,49636
2026-05-22T03:00:00+00:00,29483.950000000008,29508.080000000005,29462.700000000008,29507.700000000008,39818
2026-05-22T04:00:00+00:00,29507.700000000008,29532.830000000005,29499.700000000008,29527.450000000008,35322
2026-05-22T05:00:00+00:00,29527.450000000008,29541.450000000008,29469.650000000005,29481.580000000005,45909
2026-05-22T06:00:00+00:00,29481.580000000005,29527.700000000008,29468.650000000005,29497.700000000008,56090
2026-05-22T07:00:00+00:00,29497.700000000008,29520.200000000008,29463.330000000005,29518.200000000008,59006
2026-05-22T08:00:00+00:00,29518.200000000008,29600.700000000008,29497.580000000005,29500.450000000008,67435
2026-05-22T09:00:00+00:00,29500.450000000008,29501.080000000005,29412.450000000008,29461.330000000005,63445
2026-05-22T10:00:00+00:00,29461.330000000005,29462.330000000005,29370.650000000005,29400.200000000008,57735
2026-05-22T11:00:00+00:00,29400.200000000008,29462.450000000008,29387.700000000008,29443.580000000005,66445
2026-05-22T12:00:00+00:00,29443.580000000005,29530.580000000005,29430.330000000005,29528.700000000008,83464
2026-05-22T13:00:00+00:00,29528.700000000008,29650.850000000006,29483.200000000008,29575.900000000005,265983
2026-05-22T14:00:00+00:00,29575.900000000005,29589.850000000006,29425.730000000007,29582.600000000006,293983
2026-05-22T15:00:00+00:00,29582.600000000006,29649.230000000007,29579.730000000007,29622.730000000007,141773
2026-05-22T16:00:00+00:00,29622.730000000007,29629.480000000007,29567.980000000007,29606.850000000006,124307
2026-05-22T17:00:00+00:00,29606.850000000006,29682.730000000007,29580.650000000005,29614.020000000008,141985.9807733904
2026-05-22T18:00:00+00:00,29614.020000000008,29623.770000000008,29559.40000000001,29585.270000000008,115377
2026-05-22T19:00:00+00:00,29585.270000000008,29594.820000000007,29467.15000000001,29486.520000000008,164079
2026-05-22T20:00:00+00:00,29486.520000000008,29515.000000000007,29436.57,29464.7,36566
2026-05-24T22:00:00+00:00,29464.7,29768.4,29464.7,29751.4,50918
2026-05-24T23:00:00+00:00,29751.4,29825.780000000002,29748.780000000002,29786.15,38447
2026-05-25T00:00:00+00:00,29786.15,29878.780000000002,29769.65,29858.530000000002,62430
2026-05-25T01:00:00+00:00,29858.530000000002,29891.530000000002,29849.530000000002,29867.780000000002,43319
2026-05-25T02:00:00+00:00,29867.780000000002,29903.780000000002,29846.4,29900.4,29828
2026-05-25T03:00:00+00:00,29900.4,29931.4,29898.530000000002,29905.4,37564
2026-05-25T04:00:00+00:00,29905.4,29928.9,29904.530000000002,29917.65,18394
2026-05-25T05:00:00+00:00,29917.65,29937.65,29911.4,29912.15,21104
2026-05-25T06:00:00+00:00,29912.15,29928.030000000002,29892.780000000002,29910.780000000002,29707
2026-05-25T07:00:00+00:00,29910.780000000002,29930.65,29832.530000000002,29915.280000000002,49048
2026-05-25T08:00:00+00:00,29915.280000000002,29917.65,29870.530000000002,29905.9,30018
2026-05-25T09:00:00+00:00,29905.9,29919.780000000002,29897.530000000002,29899.280000000002,20703
2026-05-25T10:00:00+00:00,29899.280000000002,29918.030000000002,29889.780000000002,29915.15,18695
2026-05-25T11:00:00+00:00,29915.15,29932.15,29908.780000000002,29915.9,19543
2026-05-25T12:00:00+00:00,29915.9,29933.030000000002,29880.600000000002,29884.780000000002,26899
2026-05-25T13:00:00+00:00,29884.780000000002,29937.18,29880.780000000002,29936.800000000003,33347
2026-05-25T14:00:00+00:00,29936.800000000003,29937.18,29853.68,29872.68,43054
2026-05-25T15:00:00+00:00,29872.68,29934.050000000003,29859.18,29866.93,51403
2026-05-25T16:00:00+00:00,29866.93,29910.300000000003,29856.93,29907.18,25511
2026-05-25T17:00:00+00:00,29907.18,29912.579999999998,29864.550000000003,29864.65,1489.4901861955827
2026-05-25T18:00:00+00:00,29864.65,29869.050000000003,29852.350000000002,29868.850000000002,2795.0411980521058
2026-05-25T19:00:00+00:00,29868.850000000002,29914,29854.65,29911.600000000002,5675.65538303558
2026-05-25T20:00:00+00:00,29906.300000000003,29906.300000000003,29905.65,29905.65,4
2026-05-25T22:00:00+00:00,29905.65,29922.02,29827.77,29836.52,37983
2026-05-25T23:00:00+00:00,29836.52,29846.890000000003,29780.84,29825.02,36755
2026-05-26T00:00:00+00:00,29825.02,29827.52,29746.77,29768.02,89609
2026-05-26T01:00:00+00:00,29768.02,29781.390000000003,29716.890000000003,29757.890000000003,83136
2026-05-26T02:00:00+00:00,29757.890000000003,29774.640000000003,29743.390000000003,29763.77,48559
2026-05-26T03:00:00+00:00,29763.77,29775.02,29748.52,29766.140000000003,34047
2026-05-26T04:00:00+00:00,29766.140000000003,29775.02,29739.52,29747.02,30518
2026-05-26T05:00:00+00:00,29747.02,29762.390000000003,29729.34,29752.140000000003,41490
2026-05-26T06:00:00+00:00,29752.140000000003,29791.52,29745.890000000003,29770.890000000003,42721
2026-05-26T07:00:00+00:00,29770.890000000003,29776.27,29690.390000000003,29720.02,70500
2026-05-26T08:00:00+00:00,29720.02,29757.02,29704.52,29753.890000000003,55878
2026-05-26T09:00:00+00:00,29753.890000000003,29796.890000000003,29750.640000000003,29792.890000000003,44001
2026-05-26T10:00:00+00:00,29792.890000000003,29861.02,29790.02,29801.02,44989
2026-05-26T11:00:00+00:00,29801.02,29820.390000000003,29764.390000000003,29811.890000000003,56462
2026-05-26T12:00:00+00:00,29811.890000000003,29876.390000000003,29796.34,29866.52,52166
2026-05-26T13:00:00+00:00,29866.52,29952.920000000002,29773.04,29952.920000000002,258228
2026-05-26T14:00:00+00:00,29952.920000000002,30065.420000000002,29922.54,30001.79,246234
2026-05-26T15:00:00+00:00,30001.79,30013.420000000002,29832.29,29873.920000000002,254836
2026-05-26T16:00:00+00:00,29873.920000000002,29962.04,29868.170000000002,29921.79,165281
2026-05-26T17:00:00+00:00,29921.79,29959.79,29901.04,29943.29,125443
2026-05-26T18:00:00+00:00,29943.29,30007.170000000002,29928.670000000002,29960.79,107441
2026-05-26T19:00:00+00:00,29960.79,30058.29,29952.170000000002,30025.54,117087
2026-05-26T20:00:00+00:00,30025.54,30029.890000000003,29977.52,29989.59,27273
2026-05-26T22:00:00+00:00,29989.59,30024.04,29976.54,29986.79,31779
2026-05-26T23:00:00+00:00,29986.79,30051.920000000002,29986.420000000002,30047.54,30740
2026-05-27T00:00:00+00:00,30047.54,30084.79,30019.04,30077.420000000002,68971
2026-05-27T01:00:00+00:00,30077.420000000002,30106.670000000002,30062.79,30070.79,59097
2026-05-27T02:00:00+00:00,30070.79,30106.670000000002,30068.420000000002,30085.170000000002,38552
2026-05-27T03:00:00+00:00,30085.170000000002,30102.29,30041.420000000002,30045.420000000002,33186
2026-05-27T04:00:00+00:00,30045.420000000002,30072.04,30022.920000000002,30053.670000000002,48014
2026-05-27T05:00:00+00:00,30053.670000000002,30068.170000000002,30015.99,30050.79,59692
2026-05-27T06:00:00+00:00,30050.79,30058.79,30003.79,30023.79,55118
2026-05-27T07:00:00+00:00,30023.79,30092.04,30023.29,30088.29,46734
2026-05-27T08:00:00+00:00,30088.29,30165.54,30078.920000000002,30144.170000000002,56413
2026-05-27T09:00:00+00:00,30144.170000000002,30161.54,30120.79,30161.170000000002,43891
2026-05-27T10:00:00+00:00,30161.170000000002,30196.29,30159.920000000002,30183.420000000002,39554
2026-05-27T11:00:00+00:00,30183.420000000002,30244.54,30183.170000000002,30212.79,60481
2026-05-27T12:00:00+00:00,30212.79,30327.04,30190.79,30209.170000000002,122700
2026-05-27T13:00:00+00:00,30209.170000000002,30218.670000000002,29885.82,30008.07,376351
2026-05-27T14:00:00+00:00,30008.07,30047.190000000002,29825.940000000002,29889.07,426348
2026-05-27T15:00:00+00:00,29889.07,29929.440000000002,29831.190000000002,29883.07,274538
2026-05-27T16:00:00+00:00,29883.07,29996.690000000002,29865.440000000002,29936.57,179402
2026-05-27T17:00:00+00:00,29936.57,29945.440000000002,29843.190000000002,29921.32,155807
2026-05-27T18:00:00+00:00,29921.32,30008.440000000002,29911.440000000002,29987.07,123155
2026-05-27T19:00:00+00:00,29987.07,30019.82,29957.57,29994.940000000002,133026
2026-05-27T20:00:00+00:00,29994.940000000002,30077.04,29983.170000000002,30072.74,42400
2026-05-27T22:00:00+00:00,30072.74,30086.210000000003,29977.33,30011.460000000003,32963
2026-05-27T23:00:00+00:00,30011.460000000003,30029.7,29916.83,29929.7,43974.25529810681
2026-05-28T00:00:00+00:00,29929.7,30039.7,29913.33,30021.58,95253
2026-05-28T01:00:00+00:00,30021.58,30030.7,29984.45,30021.33,79111
2026-05-28T02:00:00+00:00,30021.33,30029.83,29921.2,29923.58,67620
2026-05-28T03:00:00+00:00,29923.58,29935.58,29746.58,29761.95,114110
2026-05-28T04:00:00+00:00,29761.95,29775.2,29713.9,29738.83,94760
2026-05-28T05:00:00+00:00,29738.83,29861.83,29719.2,29855.08,82756
2026-05-28T06:00:00+00:00,29855.08,29888.2,29830.58,29859.2,57636
2026-05-28T07:00:00+00:00,29859.2,29914.95,29858.95,29906.45,68806
2026-05-28T08:00:00+00:00,29906.45,29945.2,29897.45,29934.08,61874
2026-05-28T09:00:00+00:00,29934.08,29948.2,29891.7,29925.95,46149
2026-05-28T10:00:00+00:00,29925.95,29926.2,29814.4,29835.2,59117
2026-05-28T11:00:00+00:00,29835.2,29890.2,29821.08,29874.7,71394
2026-05-28T12:00:00+00:00,29874.7,30017.58,29872.45,30006.08,87552
2026-05-28T13:00:00+00:00,30006.08,30062.850000000002,29870.98,29941.98,280120
2026-05-28T14:00:00+00:00,29941.98,30141.850000000002,29914.23,30138.23,309470
2026-05-28T15:00:00+00:00,30138.23,30243.48,30131.100000000002,30215.100000000002,157884
2026-05-28T16:00:00+00:00,30215.100000000002,30279.850000000002,30189.350000000002,30277.23,106195
2026-05-28T17:00:00+00:00,30277.23,30293.23,30233.100000000002,30270.350000000002,88773
2026-05-28T18:00:00+00:00,30270.350000000002,30288.100000000002,30231.100000000002,30243.600000000002,93371
2026-05-28T19:00:00+00:00,30243.600000000002,30282.100000000002,30224.9,30256.98,106710
2026-05-28T20:00:00+00:00,30256.98,30289.65,30242.08,30263.4,28612
2026-05-28T22:00:00+00:00,30263.4,30312.98,30239.18,30248.48,24899
2026-05-28T23:00:00+00:00,30248.48,30278.36,30246.86,30252.36,23084
2026-05-29T00:00:00+00:00,30252.36,30252.73,30185.73,30198.98,71541
2026-05-29T01:00:00+00:00,30198.98,30214.61,30167.73,30198.98,73695
2026-05-29T02:00:00+00:00,30198.98,30222.23,30178.98,30189.36,35479
2026-05-29T03:00:00+00:00,30189.36,30225.61,30186.98,30211.98,44758
2026-05-29T04:00:00+00:00,30211.98,30257.86,30211.23,30249.11,32663
2026-05-29T05:00:00+00:00,30249.11,30269.36,30243.36,30251.73,32541
2026-05-29T06:00:00+00:00,30251.73,30301.73,30250.86,30299.86,37463
2026-05-29T07:00:00+00:00,30299.86,30301.11,30217.68,30251.36,52328
2026-05-29T08:00:00+00:00,30251.36,30276.61,30238.73,30266.73,51856
2026-05-29T09:00:00+00:00,30266.73,30320.73,30260.73,30283.23,49428
2026-05-29T10:00:00+00:00,30283.23,30300.98,30251.98,30291.23,44772
2026-05-29T11:00:00+00:00,30291.23,30323.11,30250.23,30300.48,58431
2026-05-29T12:00:00+00:00,30300.48,30301.73,30248.23,30300.36,59002
2026-05-29T13:00:00+00:00,30300.36,30472.13,30287.36,30470.010000000002,246948
2026-05-29T14:00:00+00:00,30470.010000000002,30487.38,30221.510000000002,30311.260000000002,403051
2026-05-29T15:00:00+00:00,30311.260000000002,30390.88,30286.93,30314.260000000002,239148
2026-05-29T16:00:00+00:00,30314.260000000002,30399.38,30309.510000000002,30349.38,148981
2026-05-29T17:00:00+00:00,30349.38,30362.38,30247.530000000002,30253.660000000003,137747.86199605634
2026-05-29T18:00:00+00:00,30253.660000000003,30353.780000000002,30242.83,30276.160000000003,134198
2026-05-29T19:00:00+00:00,30276.160000000003,30396.780000000002,30266.780000000002,30348.530000000002,154809
2026-05-29T20:00:00+00:00,30348.530000000002,30361.510000000002,30328.11,30334.190000000002,38720
2026-05-31T22:00:00+00:00,30334.190000000002,30433.43,30322,30416.18,50364
2026-05-31T23:00:00+00:00,30416.18,30445.43,30411.300000000003,30438.050000000003,35026
2026-06-01T00:00:00+00:00,30438.050000000003,30515.18,30431.5,30501.18,69857
2026-06-01T01:00:00+00:00,30501.18,30512.93,30481,30508.93,61370
2026-06-01T02:00:00+00:00,30508.93,30529.300000000003,30503.93,30509.93,41625
2026-06-01T03:00:00+00:00,30509.93,30554.800000000003,30496.75,30506.18,46220
2026-06-01T04:00:00+00:00,30506.18,30541.43,30504.050000000003,30534.050000000003,33248
2026-06-01T05:00:00+00:00,30534.050000000003,30551.68,30511.43,30539.68,40460
2026-06-01T06:00:00+00:00,30539.68,30549.93,30515.5,30539.68,38721
2026-06-01T07:00:00+00:00,30539.68,30552.550000000003,30447.050000000003,30471.800000000003,61721
2026-06-01T08:00:00+00:00,30471.800000000003,30476.68,30404.300000000003,30459.800000000003,60350
2026-06-01T09:00:00+00:00,30459.800000000003,30472.800000000003,30414.43,30422.68,48973
2026-06-01T10:00:00+00:00,30422.68,30465.300000000003,30414.75,30454.43,42638
2026-06-01T11:00:00+00:00,30454.43,30462.18,30411.93,30422.43,64310
2026-06-01T12:00:00+00:00,30422.43,30456.93,30375.93,30409.93,77305
2026-06-01T13:00:00+00:00,30409.93,30427.95,30252.18,30271.25,422739
2026-06-01T14:00:00+00:00,30271.25,30407.95,30253.25,30397.83,344144
2026-06-01T15:00:00+00:00,30397.83,30514.95,30374,30462.58,196021
2026-06-01T16:00:00+00:00,30462.58,30545.33,30411.83,30541.95,155615
2026-06-01T17:00:00+00:00,30541.95,30652.95,30495.95,30630.95,151953
2026-06-01T18:00:00+00:00,30630.95,30635.7,30575.45,30583.95,101826
2026-06-01T19:00:00+00:00,30583.95,30608.45,30516.7,30532.08,127450
2026-06-01T20:00:00+00:00,30532.08,30535.68,30467.800000000003,30483.63,53122
2026-06-01T22:00:00+00:00,30483.63,30509.61,30394.31,30420.99,44360
2026-06-01T23:00:00+00:00,30420.99,30442.11,30405.31,30431.99,31950
2026-06-02T00:00:00+00:00,30431.99,30432.61,30325.99,30335.74,86113
2026-06-02T01:00:00+00:00,30335.74,30363.99,30296.11,30296.49,85178
2026-06-02T02:00:00+00:00,30296.49,30347.49,30284.49,30336.61,64332
2026-06-02T03:00:00+00:00,30336.61,30346.11,30280.36,30326.24,58883
2026-06-02T04:00:00+00:00,30326.24,30407.49,30321.24,30405.99,42181
2026-06-02T05:00:00+00:00,30405.99,30455.99,30392.06,30439.24,46310
2026-06-02T06:00:00+00:00,30439.24,30478.24,30431.61,30477.24,47991
2026-06-02T07:00:00+00:00,30477.24,30509.74,30472.11,30492.49,49964
2026-06-02T08:00:00+00:00,30492.49,30531.24,30491.99,30511.11,67448
2026-06-02T09:00:00+00:00,30511.11,30548.74,30488.24,30527.74,52102
2026-06-02T10:00:00+00:00,30527.74,30533.99,30490.74,30491.74,43174
2026-06-02T11:00:00+00:00,30491.74,30536.61,30465.74,30493.74,59382
2026-06-02T12:00:00+00:00,30493.74,30523.11,30485.49,30491.99,62346
2026-06-02T13:00:00+00:00,30491.99,30566.760000000002,30386.890000000003,30565.010000000002,309040
2026-06-02T14:00:00+00:00,30565.010000000002,30610.260000000002,30500.890000000003,30605.760000000002,278567
2026-06-02T15:00:00+00:00,30605.760000000002,30660.510000000002,30575.010000000002,30652.640000000003,147005
2026-06-02T16:00:00+00:00,30652.640000000003,30674.760000000002,30604.010000000002,30654.260000000002,126608
2026-06-02T17:00:00+00:00,30654.260000000002,30665.890000000003,30571.760000000002,30590.640000000003,120244
2026-06-02T18:00:00+00:00,30590.640000000003,30627.140000000003,30561.390000000003,30601.510000000002,97913
2026-06-02T19:00:00+00:00,30601.510000000002,30683.510000000002,30600.390000000003,30670.010000000002,97954
2026-06-02T20:00:00+00:00,30670.010000000002,30725.61,30660.74,30705.190000000002,37161
2026-06-02T22:00:00+00:00,30705.190000000002,30722.27,30663.640000000003,30669.390000000003,39480
2026-06-02T23:00:00+00:00,30669.390000000003,30679.02,30527.34,30672.890000000003,79311
2026-06-03T00:00:00+00:00,30672.890000000003,30691.27,30636.27,30685.390000000003,62687
2026-06-03T01:00:00+00:00,30685.390000000003,30689.27,30618.52,30648.390000000003,65946
2026-06-03T02:00:00+00:00,30648.390000000003,30659.34,30629.09,30644.77,39241
2026-06-03T03:00:00+00:00,30644.77,30674.640000000003,30636.77,30671.77,27822
2026-06-03T04:00:00+00:00,30671.77,30695.77,30666.52,30667.640000000003,20797
2026-06-03T05:00:00+00:00,30667.640000000003,30688.640000000003,30641.09,30654.640000000003,37701
2026-06-03T06:00:00+00:00,30654.640000000003,30683.140000000003,30636.34,30663.640000000003,54366
2026-06-03T07:00:00+00:00,30663.640000000003,30704.890000000003,30652.02,30687.52,59160
2026-06-03T08:00:00+00:00,30687.52,30716.640000000003,30666.09,30682.77,57398
2026-06-03T09:00:00+00:00,30682.77,30735.27,30676.890000000003,30699.52,53617
2026-06-03T10:00:00+00:00,30699.52,30750.140000000003,30681.27,30719.640000000003,63748
2026-06-03T11:00:00+00:00,30719.640000000003,30759.27,30718.77,30745.390000000003,49488
2026-06-03T12:00:00+00:00,30745.390000000003,30762.27,30665.52,30682.640000000003,72167
2026-06-03T13:00:00+00:00,30682.640000000003,30773.04,30462.29,30525.84,337159
2026-06-03T14:00:00+00:00,30525.84,30705.420000000002,30513.09,30632.670000000002,351839
2026-06-03T15:00:00+00:00,30632.670000000002,30681.29,30533.79,30570.29,258909
2026-06-03T16:00:00+00:00,30570.29,30589.04,30471.670000000002,30572.79,216162
2026-06-03T17:00:00+00:00,30572.79,30612.920000000002,30482.09,30608.79,156651
2026-06-03T18:00:00+00:00,30608.79,30647.920000000002,30574.04,30617.54,135040
2026-06-03T19:00:00+00:00,30617.54,30659.79,30576.920000000002,30600.640000000003,162497
2026-06-03T20:00:00+00:00,30600.640000000003,30605.02,30443.640000000003,30460.59,108359
2026-06-03T22:00:00+00:00,30460.59,30460.780000000002,30331.230000000003,30420.280000000002,81082
2026-06-03T23:00:00+00:00,30420.280000000002,30425.66,30333.51,30356.51,67985.82787113101
2026-06-04T00:00:00+00:00,30356.51,30465.13,30340.38,30461.51,109623
2026-06-04T01:00:00+00:00,30461.51,30493.76,30401.01,30416.01,102717
2026-06-04T02:00:00+00:00,30416.01,30419.76,30315.26,30375.63,94641
2026-06-04T03:00:00+00:00,30375.63,30449.51,30372.38,30442.76,63523
2026-06-04T04:00:00+00:00,30442.76,30470.63,30428.26,30460.01,53643
2026-06-04T05:00:00+00:00,30460.01,30462.88,30413.13,30446.38,74518
2026-06-04T06:00:00+00:00,30446.38,30496.63,30427.63,30492.13,66330
2026-06-04T07:00:00+00:00,30492.13,30506.76,30453.01,30462.26,62184
2026-06-04T08:00:00+00:00,30462.26,30464.01,30289.38,30306.63,113575
2026-06-04T09:00:00+00:00,30306.63,30311.51,30211.13,30299.13,105712
2026-06-04T10:00:00+00:00,30299.13,30300.13,30167.01,30207.51,85158
2026-06-04T11:00:00+00:00,30207.51,30250.88,30127.01,30242.38,135202
2026-06-04T12:00:00+00:00,30242.38,30292.38,30186.01,30272.63,124320
2026-06-04T13:00:00+00:00,30272.63,30327.16,30151.03,30211.66,412105
2026-06-04T14:00:00+00:00,30211.66,30322.91,30114.33,30319.66,425828
2026-06-04T15:00:00+00:00,30319.66,30432.28,30317.16,30376.03,227418
2026-06-04T16:00:00+00:00,30376.03,30456.53,30356.41,30442.16,152101
2026-06-04T17:00:00+00:00,30442.16,30526.28,30427.41,30522.53,117329
2026-06-04T18:00:00+00:00,30522.53,30561.16,30513.28,30520.78,116580
2026-06-04T19:00:00+00:00,30520.78,30566.16,30444.28,30448.03,154219
2026-06-04T20:00:00+00:00,30448.03,30457.76,30359.88,30363.08,74709
2026-06-04T22:00:00+00:00,30363.08,30383.5,30278.38,30328.25,45969
2026-06-04T23:00:00+00:00,30328.25,30333,30216.88,30225.88,52230
2026-06-05T00:00:00+00:00,30225.88,30226.88,30093.38,30104.88,115736
2026-06-05T01:00:00+00:00,30104.88,30161,30014.25,30157.25,123592
2026-06-05T02:00:00+00:00,30157.25,30210.75,30133.13,30176.13,84008
2026-06-05T03:00:00+00:00,30176.13,30190.5,30107.75,30124.75,77676
2026-06-05T04:00:00+00:00,30124.75,30204.88,30118.45,30191.63,78077
2026-06-05T05:00:00+00:00,30191.63,30195.25,30124.5,30131.63,84360
2026-06-05T06:00:00+00:00,30131.63,30175.75,30074.88,30085,90921
2026-06-05T07:00:00+00:00,30085,30120.75,30024,30112.75,96116
2026-06-05T08:00:00+00:00,30112.75,30184.38,30081.88,30120.88,92002
2026-06-05T09:00:00+00:00,30120.88,30221,30113.88,30159.88,83851
2026-06-05T10:00:00+00:00,30159.88,30198.38,30153.88,30156.75,46410
2026-06-05T11:00:00+00:00,30156.75,30159.13,30097.95,30109.63,64666
2026-06-05T12:00:00+00:00,30109.63,30119.13,30005.13,30016.38,125975
2026-06-05T13:00:00+00:00,30016.38,30061.78,29733.65,29736.4,417165
2026-06-05T14:00:00+00:00,29736.4,29904.78,29720.78,29815.28,486526
2026-06-05T15:00:00+00:00,29815.28,29831.9,29577.2,29621.03,324451
2026-06-05T16:00:00+00:00,29621.03,29622.78,29341.7,29453.03,335403
2026-06-05T17:00:00+00:00,29453.03,29467.03,29324.4,29432.7,300215.17167845776
2026-06-05T18:00:00+00:00,29432.7,29438.329999999998,29057.7,29150.75,338492
2026-06-05T19:00:00+00:00,29150.75,29172.829999999998,28935.829999999998,28977.2,485337
2026-06-05T20:00:00+00:00,28977.2,29003.05,28751.15,28780.730000000003,133110
2026-06-07T22:00:00+00:00,28780.730000000003,28994.710000000003,28780.730000000003,28864.16,111495
2026-06-07T23:00:00+00:00,28864.16,29074.09,28864.16,29058.84,81245
2026-06-08T00:00:00+00:00,29058.84,29259.21,29031.71,29188.84,117597
2026-06-08T01:00:00+00:00,29188.84,29206.71,28997.09,29130.21,170390
2026-06-08T02:00:00+00:00,29130.21,29214.46,29076.59,29182.09,122350
2026-06-08T03:00:00+00:00,29182.09,29203.21,29147.84,29183.34,95228
2026-06-08T04:00:00+00:00,29183.34,29193.46,29060.71,29061.96,101595
2026-06-08T05:00:00+00:00,29061.96,29110.59,28944.21,28987.46,128592
2026-06-08T06:00:00+00:00,28987.46,29120.59,28973.46,29073.21,114973
2026-06-08T07:00:00+00:00,29073.21,29251.84,29055.09,29228.21,108504
2026-06-08T08:00:00+00:00,29228.21,29237.96,29129.84,29148.96,110600
2026-06-08T09:00:00+00:00,29148.96,29218.66,29116.34,29210.96,86334
2026-06-08T10:00:00+00:00,29210.96,29244.09,29147.21,29213.09,84677
2026-06-08T11:00:00+00:00,29213.09,29409.09,29184.16,29346.59,123802
2026-06-08T12:00:00+00:00,29346.59,29480.46,29338.09,29456.96,107363
2026-06-08T13:00:00+00:00,29456.96,29575.34,29314.49,29322.11,416209
2026-06-08T14:00:00+00:00,29322.11,29651.74,29304.74,29647.99,448121
2026-06-08T15:00:00+00:00,29647.99,29714.11,29531.24,29582.36,281226
2026-06-08T16:00:00+00:00,29582.36,29663.49,29526.24,29552.11,258653
2026-06-08T17:00:00+00:00,29552.11,29594.99,29458.74,29530.24,278631
2026-06-08T18:00:00+00:00,29530.24,29589.36,29500.36,29513.49,198968
2026-06-08T19:00:00+00:00,29513.49,29519.49,29349.61,29425.61,255117
2026-06-08T20:00:00+00:00,29425.61,29441.59,29372.84,29407.79,60521
2026-06-08T22:00:00+00:00,29407.79,29440.89,29295.51,29399.14,60962
2026-06-08T23:00:00+00:00,29399.14,29455.01,29358.46,29398.21,48876
2026-06-09T00:00:00+00:00,29398.21,29413.76,29278.89,29311.14,138076
2026-06-09T01:00:00+00:00,29311.14,29519.76,29303.64,29465.76,127904
2026-06-09T02:00:00+00:00,29465.76,29497.51,29434.39,29487.89,99588
2026-06-09T03:00:00+00:00,29487.89,29566.01,29475.14,29554.89,72306
2026-06-09T04:00:00+00:00,29554.89,29604.26,29542.64,29577.51,60077
2026-06-09T05:00:00+00:00,29577.51,29625.01,29564.26,29607.51,73448
2026-06-09T06:00:00+00:00,29607.51,29648.39,29575.14,29596.64,68384
2026-06-09T07:00:00+00:00,29596.64,29663.14,29557.64,29566.51,84323
2026-06-09T08:00:00+00:00,29566.51,29660.14,29540.39,29615.51,81012
2026-06-09T09:00:00+00:00,29615.51,29669.89,29610.26,29653.76,47199
2026-06-09T10:00:00+00:00,29653.76,29672.01,29597.21,29658.76,52955
2026-06-09T11:00:00+00:00,29658.76,29700.89,29645.51,29655.01,58904
2026-06-09T12:00:00+00:00,29655.01,29710.51,29626.26,29709.01,76677
2026-06-09T13:00:00+00:00,29709.01,29820.29,29609.66,29646.21,276779
2026-06-09T14:00:00+00:00,29646.21,29685.41,29058.41,29214.04,521510
2026-06-09T15:00:00+00:00,29214.04,29274.91,28656.16,28669.16,484242
2026-06-09T16:00:00+00:00,28669.16,28761.04,28202.66,28454.54,470490
2026-06-09T17:00:00+00:00,28454.54,28898.16,28445.21,28804.29,396233
2026-06-09T18:00:00+00:00,28804.29,29064.54,28760.16,29040.41,298267
2026-06-09T19:00:00+00:00,29040.41,29118.54,28815.54,29090.29,384725
2026-06-09T20:00:00+00:00,29090.29,29169.26,29056.76,29113.34,95566
2026-06-09T22:00:00+00:00,29113.34,29113.34,28963.97,29003.42,53473
2026-06-09T23:00:00+00:00,29003.42,29074.67,28957.92,29041.85,51763
2026-06-10T00:00:00+00:00,29041.85,29144.47,28951.92,29051.67,121644
2026-06-10T01:00:00+00:00,29051.67,29089.47,28987.92,29010.85,109794
2026-06-10T02:00:00+00:00,29010.85,29018.47,28937.85,28947.47,90360
2026-06-10T03:00:00+00:00,28947.47,29022.1,28943.72,28969.22,79374
2026-06-10T04:00:00+00:00,28969.22,28978.97,28846.92,28874.42,60259
2026-06-10T05:00:00+00:00,28874.42,28944.22,28832.35,28920.6,88983
2026-06-10T06:00:00+00:00,28920.6,28989.85,28912.35,28945.47,65649
2026-06-10T07:00:00+00:00,28945.47,28977.22,28907.1,28940.22,83505
2026-06-10T08:00:00+00:00,28940.22,28940.22,28721.72,28739.6,102145
2026-06-10T09:00:00+00:00,28739.6,28795.35,28662.1,28755.72,106954
2026-06-10T10:00:00+00:00,28755.72,28820.72,28678.22,28804.67,82267
2026-06-10T11:00:00+00:00,28804.67,28821.72,28587.6,28654.72,165828
2026-06-10T12:00:00+00:00,28654.72,28969.1,28640.1,28809.35,185610
2026-06-10T13:00:00+00:00,28809.35,29138.87,28751.92,28999,308378
2026-06-10T14:00:00+00:00,28999,29226.62,28834.5,28879.5,406024
2026-06-10T15:00:00+00:00,28879.5,28961.25,28605.17,28832.25,374671
2026-06-10T16:00:00+00:00,28832.25,28872.75,28641.87,28695.5,315421
2026-06-10T17:00:00+00:00,28695.5,28770.5,28595.37,28756.25,310322
2026-06-10T18:00:00+00:00,28756.25,28808.62,28553.12,28584.75,274360
2026-06-10T19:00:00+00:00,28584.75,28644.12,28472.25,28505.62,322443
2026-06-10T20:00:00+00:00,28505.62,28510.92,28387.92,28447.54,80869
2026-06-10T22:00:00+00:00,28447.54,28449.04,28310.54,28321.99,86895
2026-06-10T23:00:00+00:00,28321.99,28425.49,28246.54,28343.17,93720
2026-06-11T00:00:00+00:00,28343.17,28550.74,28316.24,28530.42,148052
2026-06-11T01:00:00+00:00,28530.42,28742.79,28530.42,28623.17,111211
2026-06-11T02:00:00+00:00,28623.17,28677.17,28514.79,28616.04,100917
2026-06-11T03:00:00+00:00,28616.04,28723.04,28561.99,28719.04,91710
2026-06-11T04:00:00+00:00,28719.04,28782.54,28685.04,28755.79,73831
2026-06-11T05:00:00+00:00,28755.79,28761.54,28693.04,28727.17,73980
2026-06-11T06:00:00+00:00,28727.17,28776.92,28669.17,28772.29,72493
2026-06-11T07:00:00+00:00,28772.29,28848.29,28747.67,28825.04,71736
2026-06-11T08:00:00+00:00,28825.04,28914.92,28825.04,28890.79,64733
2026-06-11T09:00:00+00:00,28890.79,28901.92,28837.989999999998,28857.67,52115
2026-06-11T10:00:00+00:00,28857.67,28896.67,28854.489999999998,28858.92,49354
2026-06-11T11:00:00+00:00,28858.92,28889.039999999997,28791.989999999998,28881.289999999997,86323
2026-06-11T12:00:00+00:00,28881.289999999997,28894.17,28617.239999999998,28792.289999999997,165269
2026-06-11T13:00:00+00:00,28792.289999999997,28994.319999999996,28631.569999999996,28881.19,415930
2026-06-11T14:00:00+00:00,28881.19,29029.319999999996,28587.739999999998,28629.819999999996,513404
2026-06-11T15:00:00+00:00,28629.819999999996,28887.569999999996,28558.489999999998,28838.569999999996,414004
2026-06-11T16:00:00+00:00,28838.569999999996,28955.69,28744.239999999998,28750.19,330572
2026-06-11T17:00:00+00:00,28750.19,29281.44,28659.239999999998,29194.69,445700
2026-06-11T18:00:00+00:00,29194.69,29290.19,29049.239999999998,29249.319999999996,354683
2026-06-11T19:00:00+00:00,29249.319999999996,29522.44,29210.569999999996,29438.569999999996,293003
2026-06-11T20:00:00+00:00,29438.569999999996,29502.92,29388.989999999998,29414.859999999997,74280
2026-06-11T22:00:00+00:00,29414.859999999997,29567.46,29414.859999999997,29539.78,54240
2026-06-11T23:00:00+00:00,29539.78,29578.579999999998,29474.46,29559.03,45069
2026-06-12T00:00:00+00:00,29559.03,29626.46,29518.28,29569.78,82341
2026-06-12T01:00:00+00:00,29569.78,29571.579999999998,29447.03,29533.71,83805
2026-06-12T02:00:00+00:00,29533.71,29568.829999999998,29485.03,29544.03,70473
2026-06-12T03:00:00+00:00,29544.03,29545.28,29470.28,29510.78,65766
2026-06-12T04:00:00+00:00,29510.78,29530.71,29470.079999999998,29525.03,56248
2026-06-12T05:00:00+00:00,29525.03,29536.079999999998,29356.28,29382.579999999998,83287
2026-06-12T06:00:00+00:00,29382.579999999998,29455.71,29317.03,29341.78,70876
2026-06-12T07:00:00+00:00,29341.78,29440.21,29242.28,29413.53,89322
2026-06-12T08:00:00+00:00,29413.53,29548.079999999998,29398.28,29461.28,102105
2026-06-12T09:00:00+00:00,29461.28,29649.829999999998,29458.579999999998,29603.28,90958
2026-06-12T10:00:00+00:00,29603.28,29638.579999999998,29498.03,29531.03,75418
2026-06-12T11:00:00+00:00,29531.03,29640.96,29530.28,29619.46,95852
2026-06-12T12:00:00+00:00,29619.46,29627.46,29363.03,29394.03,118170
2026-06-12T13:00:00+00:00,29394.03,29480.73,29212.78,29331.53,398009
2026-06-12T14:00:00+00:00,29331.53,29625.359999999997,29321.28,29614.48,484368
2026-06-12T15:00:00+00:00,29614.48,29741.48,29391.03,29422.23,306816
2026-06-12T16:00:00+00:00,29422.23,29660.609999999997,29391.03,29652.859999999997,255989
2026-06-12T17:00:00+00:00,29652.859999999997,29733.359999999997,29629.28,29664.409999999996,180198.54013923684
2026-06-12T18:00:00+00:00,29664.409999999996,29700.53,29589.03,29626.53,181450
2026-06-12T19:00:00+00:00,29626.53,29693.03,29562.659999999996,29632.03,199296
2026-06-12T20:00:00+00:00,29632.03,29712.08,29628.079999999998,29661.91,36258
2026-06-14T22:00:00+00:00,29661.91,30081.4,29661.91,30037.9,95098
2026-06-14T23:00:00+00:00,30037.9,30057.65,29976.100000000002,30040.850000000002,53070
2026-06-15T00:00:00+00:00,30040.850000000002,30158.530000000002,30030.100000000002,30125.850000000002,78240
2026-06-15T01:00:00+00:00,30125.850000000002,30171.280000000002,30113.600000000002,30155.350000000002,63236
2026-06-15T02:00:00+00:00,30155.350000000002,30198.150000000005,30150.850000000002,30188.600000000002,38921
2026-06-15T03:00:00+00:00,30188.600000000002,30204.850000000002,30169.850000000002,30174.350000000002,38925
2026-06-15T04:00:00+00:00,30174.350000000002,30219.530000000002,30159.100000000002,30218.150000000005,35173
2026-06-15T05:00:00+00:00,30218.150000000005,30231.650000000005,30191.900000000005,30222.280000000002,42225
2026-06-15T06:00:00+00:00,30222.280000000002,30244.530000000002,30208.100000000002,30236.600000000002,53127
2026-06-15T07:00:00+00:00,30236.600000000002,30256.400000000005,30208.100000000002,30231.600000000002,67479
2026-06-15T08:00:00+00:00,30231.600000000002,30311.400000000005,30225.350000000002,30274.100000000002,67148
2026-06-15T09:00:00+00:00,30274.100000000002,30286.780000000002,30193.850000000002,30231.600000000002,58503
2026-06-15T10:00:00+00:00,30231.600000000002,30254.150000000005,30215.150000000005,30245.280000000002,43455
2026-06-15T11:00:00+00:00,30245.280000000002,30306.280000000002,30240.600000000002,30283.350000000002,73019
2026-06-15T12:00:00+00:00,30283.350000000002,30301.400000000005,30225.030000000002,30267.150000000005,91956
2026-06-15T13:00:00+00:00,30267.150000000005,30483.430000000004,30249.600000000002,30387.600000000002,317860
2026-06-15T14:00:00+00:00,30387.600000000002,30477.930000000004,30359.180000000004,30462.300000000003,367822
2026-06-15T15:00:00+00:00,30462.300000000003,30574.680000000004,30460.930000000004,30566.800000000003,175628
2026-06-15T16:00:00+00:00,30566.800000000003,30599.300000000003,30537.430000000004,30554.180000000004,129772
2026-06-15T17:00:00+00:00,30554.180000000004,30576.180000000004,30522.600000000002,30542.930000000004,138464
2026-06-15T18:00:00+00:00,30542.930000000004,30576.550000000003,30510.930000000004,30547.300000000003,140777
2026-06-15T19:00:00+00:00,30547.300000000003,30561.930000000004,30500.930000000004,30558.680000000004,169960
2026-06-15T20:00:00+00:00,30558.680000000004,30574.900000000005,30509.650000000005,30516.850000000002,45955
2026-06-15T22:00:00+00:00,30516.850000000002,30550.560000000005,30443.060000000005,30489.810000000005,37424
2026-06-15T23:00:00+00:00,30489.810000000005,30528.560000000005,30479.310000000005,30520.060000000005,17839
2026-06-16T00:00:00+00:00,30520.060000000005,30539.610000000004,30454.810000000005,30463.060000000005,60330
2026-06-16T01:00:00+00:00,30463.060000000005,30488.860000000004,30443.060000000005,30469.060000000005,82981
2026-06-16T02:00:00+00:00,30469.060000000005,30490.360000000004,30456.740000000005,30468.060000000005,51421
2026-06-16T03:00:00+00:00,30468.060000000005,30540.610000000004,30463.560000000005,30516.810000000005,55667
2026-06-16T04:00:00+00:00,30516.810000000005,30521.810000000005,30480.990000000005,30500.310000000005,49354
2026-06-16T05:00:00+00:00,30500.310000000005,30531.740000000005,30482.610000000004,30491.560000000005,54884
2026-06-16T06:00:00+00:00,30491.560000000005,30523.560000000005,30484.810000000005,30513.860000000004,53486
2026-06-16T07:00:00+00:00,30513.860000000004,30533.990000000005,30493.560000000005,30525.490000000005,66209
2026-06-16T08:00:00+00:00,30525.490000000005,30628.490000000005,30515.060000000005,30610.810000000005,72207
2026-06-16T09:00:00+00:00,30610.810000000005,30615.860000000004,30546.740000000005,30554.860000000004,58618
2026-06-16T10:00:00+00:00,30554.860000000004,30617.110000000004,30554.240000000005,30614.560000000005,48701
2026-06-16T11:00:00+00:00,30614.560000000005,30654.360000000004,30604.610000000004,30621.310000000005,72624
2026-06-16T12:00:00+00:00,30621.310000000005,30634.110000000004,30497.310000000005,30509.240000000005,107345
2026-06-16T13:00:00+00:00,30509.240000000005,30570.770000000008,30433.270000000008,30489.770000000008,346165
2026-06-16T14:00:00+00:00,30489.770000000008,30538.140000000007,30245.940000000006,30284.020000000008,482226
2026-06-16T15:00:00+00:00,30284.020000000008,30347.020000000008,30091.690000000006,30151.270000000008,406688
2026-06-16T16:00:00+00:00,30151.270000000008,30257.890000000007,30129.940000000006,30176.520000000008,292033
2026-06-16T17:00:00+00:00,30176.520000000008,30196.270000000008,30080.140000000007,30153.890000000007,215627
2026-06-16T18:00:00+00:00,30153.890000000007,30173.140000000007,30101.440000000006,30120.020000000008,179568
2026-06-16T19:00:00+00:00,30120.020000000008,30157.020000000008,29973.440000000006,29982.270000000008,302161
2026-06-16T20:00:00+00:00,29982.270000000008,30002.690000000006,29945.190000000006,29979.690000000006,67118
2026-06-16T22:00:00+00:00,29979.690000000006,30064.200000000004,29979.690000000006,30054.450000000004,23806
2026-06-16T23:00:00+00:00,30054.450000000004,30055.950000000004,29983.950000000004,30007.200000000004,31979
2026-06-17T00:00:00+00:00,30007.200000000004,30080.200000000004,30007.200000000004,30060.700000000004,69788
2026-06-17T01:00:00+00:00,30060.700000000004,30127.200000000004,30043.950000000004,30124.200000000004,51357
2026-06-17T02:00:00+00:00,30124.200000000004,30139.750000000007,30109.950000000004,30117.700000000004,36682
2026-06-17T03:00:00+00:00,30117.700000000004,30147.500000000007,30094.950000000004,30143.700000000004,39496
2026-06-17T04:00:00+00:00,30143.700000000004,30164.750000000007,30125.200000000004,30164.450000000004,32671
2026-06-17T05:00:00+00:00,30164.450000000004,30205.630000000005,30158.950000000004,30177.450000000004,35494
2026-06-17T06:00:00+00:00,30177.450000000004,30223.000000000007,30163.700000000004,30220.700000000004,42150
2026-06-17T07:00:00+00:00,30220.700000000004,30256.750000000007,30214.700000000004,30237.250000000007,46062
2026-06-17T08:00:00+00:00,30237.250000000007,30261.750000000007,30141.700000000004,30185.200000000004,71649
2026-06-17T09:00:00+00:00,30185.200000000004,30200.380000000005,30121.880000000005,30135.250000000007,56073
2026-06-17T10:00:00+00:00,30135.250000000007,30175.200000000004,30094.950000000004,30135.200000000004,54726
2026-06-17T11:00:00+00:00,30135.200000000004,30168.200000000004,30065.700000000004,30093.700000000004,66890
2026-06-17T12:00:00+00:00,30093.700000000004,30195.000000000007,30091.950000000004,30165.450000000004,69580
2026-06-17T13:00:00+00:00,30165.450000000004,30218.150000000005,30023.450000000004,30024.700000000004,281964
2026-06-17T14:00:00+00:00,30024.700000000004,30221.780000000006,29965.700000000004,30035.700000000004,388180
2026-06-17T15:00:00+00:00,30035.700000000004,30135.400000000005,30023.950000000004,30125.200000000004,214363
2026-06-17T16:00:00+00:00,30125.200000000004,30148.780000000006,30073.950000000004,30086.450000000004,63304
2026-06-17T17:00:00+00:00,30086.450000000004,30153.700000000004,29997.950000000004,30146.950000000004,77656
2026-06-17T18:00:00+00:00,30146.950000000004,30202.450000000004,29756.200000000004,29955.950000000004,242839
2026-06-17T19:00:00+00:00,29955.950000000004,30051.200000000004,29605.200000000004,29675.200000000004,330486
2026-06-17T20:00:00+00:00,29675.200000000004,29842.450000000004,29671.950000000004,29825.700000000004,49174
2026-06-17T22:00:00+00:00,29825.700000000004,29945.730000000007,29782.680000000008,29922.360000000008,51675
2026-06-17T23:00:00+00:00,29922.360000000008,30000.110000000008,29912.610000000008,30000.110000000008,38768
2026-06-18T00:00:00+00:00,30000.110000000008,30119.110000000008,29993.480000000007,30053.980000000007,97799
2026-06-18T01:00:00+00:00,30053.980000000007,30125.860000000008,30050.230000000007,30068.360000000008,90202
2026-06-18T02:00:00+00:00,30068.360000000008,30117.610000000008,30060.860000000008,30087.730000000007,61143
2026-06-18T03:00:00+00:00,30087.730000000007,30106.110000000008,30057.360000000008,30086.980000000007,52312
2026-06-18T04:00:00+00:00,30086.980000000007,30092.230000000007,29970.480000000007,30028.480000000007,62788
2026-06-18T05:00:00+00:00,30028.480000000007,30064.980000000007,30010.680000000008,30041.480000000007,64205
2026-06-18T06:00:00+00:00,30041.480000000007,30112.980000000007,30008.930000000008,30107.110000000008,75587
2026-06-18T07:00:00+00:00,30107.110000000008,30131.860000000008,30069.680000000008,30131.610000000008,68257
2026-06-18T08:00:00+00:00,30131.610000000008,30186.230000000007,30074.860000000008,30083.110000000008,73671
2026-06-18T09:00:00+00:00,30083.110000000008,30182.360000000008,30074.430000000008,30175.230000000007,56956
2026-06-18T10:00:00+00:00,30175.230000000007,30181.360000000008,30108.610000000008,30121.980000000007,55989
2026-06-18T11:00:00+00:00,30121.980000000007,30144.730000000007,30042.680000000008,30110.110000000008,99240
2026-06-18T12:00:00+00:00,30110.110000000008,30223.610000000008,30083.730000000007,30202.110000000008,96401
2026-06-18T13:00:00+00:00,30202.110000000008,30302.260000000006,30078.430000000008,30155.010000000006,390166
2026-06-18T14:00:00+00:00,30155.010000000006,30348.010000000006,30136.760000000006,30310.260000000006,451220
2026-06-18T15:00:00+00:00,30310.260000000006,30363.010000000006,30183.760000000006,30328.010000000006,337204
2026-06-18T16:00:00+00:00,30328.010000000006,30395.130000000005,30316.130000000005,30372.380000000005,190020
2026-06-18T17:00:00+00:00,30372.380000000005,30423.880000000005,30344.260000000006,30395.760000000006,124885
2026-06-18T18:00:00+00:00,30395.760000000006,30406.010000000006,30353.630000000005,30378.010000000006,130179
2026-06-18T19:00:00+00:00,30378.010000000006,30470.510000000006,30332.630000000005,30381.510000000006,204113
2026-06-18T20:00:00+00:00,30381.510000000006,30434.730000000007,30369.730000000007,30413.810000000005,55056
2026-06-18T22:00:00+00:00,30413.810000000005,30467.480000000007,30347.480000000007,30359.610000000008,39290
2026-06-18T23:00:00+00:00,30359.610000000008,30400.230000000007,30354.180000000008,30388.480000000007,33441
2026-06-19T00:00:00+00:00,30388.480000000007,30391.680000000008,30325.230000000007,30339.730000000007,79659
2026-06-19T01:00:00+00:00,30339.730000000007,30360.860000000008,30289.360000000008,30292.480000000007,44802
2026-06-19T02:00:00+00:00,30292.480000000007,30316.610000000008,30272.230000000007,30290.860000000008,33934
2026-06-19T03:00:00+00:00,30290.860000000008,30302.730000000007,30202.480000000007,30215.480000000007,59277
2026-06-19T04:00:00+00:00,30215.480000000007,30223.610000000008,30102.680000000008,30130.860000000008,70822
2026-06-19T05:00:00+00:00,30130.860000000008,30180.360000000008,30085.680000000008,30178.610000000008,68094
2026-06-19T06:00:00+00:00,30178.610000000008,30258.480000000007,30175.610000000008,30251.610000000008,45695
2026-06-19T07:00:00+00:00,30251.610000000008,30329.480000000007,30247.930000000008,30326.480000000007,34241
2026-06-19T08:00:00+00:00,30326.480000000007,30356.980000000007,30304.430000000008,30346.230000000007,32330
2026-06-19T09:00:00+00:00,30346.230000000007,30363.360000000008,30307.860000000008,30322.860000000008,38529
2026-06-19T10:00:00+00:00,30322.860000000008,30329.980000000007,30236.110000000008,30270.860000000008,47856
2026-06-19T11:00:00+00:00,30270.860000000008,30296.660000000007,30231.980000000007,30286.660000000007,38755.15070242657
2026-06-19T12:00:00+00:00,30286.660000000007,30365.280000000006,30221.730000000007,30348.530000000006,66666
2026-06-19T13:00:00+00:00,30348.530000000006,30390.680000000004,30322.410000000007,30377.810000000005,86639
2026-06-19T14:00:00+00:00,30377.810000000005,30394.060000000005,30344.560000000005,30386.430000000004,62015
2026-06-19T15:00:00+00:00,30386.430000000004,30400.680000000004,30349.560000000005,30380.180000000004,50494
2026-06-19T16:00:00+00:00,30380.180000000004,30398.060000000005,30336.480000000007,30341.480000000007,20917
2026-06-19T17:00:00+00:00,30341.480000000007,30343.280000000006,30312.15,30313.85,938.4742551045017
2026-06-19T18:00:00+00:00,30313.85,30324.95,30313.749999999996,30320.050000000003,355.8651628640631
2026-06-19T19:00:00+00:00,30320.15,30329.65,30299.15000000001,30315.15000000001,2122.2202712839016
2026-06-21T22:00:00+00:00,30342.800000000003,30342.800000000003,30171.31,30230.36,94960
2026-06-21T23:00:00+00:00,30230.36,30231.74,30045.11,30061.74,91857
2026-06-22T00:00:00+00:00,30061.74,30331.49,30055.11,30324.61,118557
2026-06-22T01:00:00+00:00,30324.61,30366.36,30311.36,30314.86,83329
2026-06-22T02:00:00+00:00,30314.86,30333.86,30284.99,30292.24,69393
2026-06-22T03:00:00+00:00,30292.24,30323.61,30253.11,30263.36,56703
2026-06-22T04:00:00+00:00,30263.36,30299.24,30231.86,30290.61,63086
2026-06-22T05:00:00+00:00,30290.61,30372.11,30279.11,30348.36,69158
2026-06-22T06:00:00+00:00,30348.36,30449.99,30345.11,30444.11,55816
2026-06-22T07:00:00+00:00,30444.11,30489.24,30441.11,30466.24,56866
2026-06-22T08:00:00+00:00,30466.24,30472.86,30394.49,30437.86,72826
2026-06-22T09:00:00+00:00,30437.86,30464.99,30406.24,30407.11,56652
2026-06-22T10:00:00+00:00,30407.11,30473.61,30406.36,30427.49,54125
2026-06-22T11:00:00+00:00,30427.49,30536.24,30418.81,30463.99,80161
2026-06-22T12:00:00+00:00,30463.99,30552.24,30459.74,30508.24,77822
2026-06-22T13:00:00+00:00,30508.24,30645.140000000003,30465.260000000002,30644.760000000002,383520
2026-06-22T14:00:00+00:00,30644.760000000002,30675.890000000003,30253.390000000003,30347.260000000002,521179
2026-06-22T15:00:00+00:00,30347.260000000002,30387.56,30249.190000000002,30264.56,366354.63686601596
2026-06-22T16:00:00+00:00,30264.56,30323.190000000002,30211.190000000002,30297.31,263713
2026-06-22T17:00:00+00:00,30297.31,30357.940000000002,30240.440000000002,30322.940000000002,171619
2026-06-22T18:00:00+00:00,30322.940000000002,30370.940000000002,30258.81,30266.440000000002,149734
2026-06-22T19:00:00+00:00,30266.440000000002,30380.940000000002,30242.190000000002,30361.81,195219
2026-06-22T20:00:00+00:00,30361.81,30385.41,30346.91,30370.73,45889
2026-06-22T22:00:00+00:00,30370.73,30416.66,30284.11,30299.91,37908
2026-06-22T23:00:00+00:00,30299.91,30306.29,30258.36,30292.79,27649
2026-06-23T00:00:00+00:00,30292.79,30352.91,30178.36,30318.79,95604
2026-06-23T01:00:00+00:00,30318.79,30333.79,30124.29,30177.66,121260
2026-06-23T02:00:00+00:00,30177.66,30191.41,30107.11,30122.54,104882
2026-06-23T03:00:00+00:00,30122.54,30130.41,30018.91,30117.66,94713
2026-06-23T04:00:00+00:00,30117.66,30132.54,29948.79,29959.41,77907
2026-06-23T05:00:00+00:00,29959.41,29986.04,29810.29,29825.91,104049
2026-06-23T06:00:00+00:00,29825.91,29851.16,29668.04,29686.66,118134
2026-06-23T07:00:00+00:00,29686.66,29771.41,29606.66,29625.41,114534
2026-06-23T08:00:00+00:00,29625.41,29636.41,29494.16,29545.91,136707
2026-06-23T09:00:00+00:00,29545.91,29651.04,29541.54,29604.16,94589
2026-06-23T10:00:00+00:00,29604.16,29634.16,29470.04,29534.79,89731
2026-06-23T11:00:00+00:00,29534.79,29601.54,29505.41,29590.41,112876
2026-06-23T12:00:00+00:00,29590.41,29618.29,29424.86,29452.29,114530
2026-06-23T13:00:00+00:00,29452.29,29652.190000000002,29334.690000000002,29644.690000000002,455177
2026-06-23T14:00:00+00:00,29644.690000000002,29764.940000000002,29531.06,29572.56,534675
2026-06-23T15:00:00+00:00,29572.56,29603.940000000002,29413.690000000002,29515.81,385369
2026-06-23T16:00:00+00:00,29515.81,29633.56,29508.31,29581.56,258312
2026-06-23T17:00:00+00:00,29581.56,29614.190000000002,29450.06,29450.56,227604
2026-06-23T18:00:00+00:00,29450.56,29500.690000000002,29295.31,29347.190000000002,210812
2026-06-23T19:00:00+00:00,29347.190000000002,29471.06,29330.440000000002,29362.940000000002,340676
2026-06-23T20:00:00+00:00,29362.940000000002,29474.66,29350.54,29468.61,57220
2026-06-23T22:00:00+00:00,29468.61,29530.36,29359.61,29406.36,58171
2026-06-23T23:00:00+00:00,29406.36,29491.61,29313.06,29475.11,70543
2026-06-24T00:00:00+00:00,29475.11,29618.61,29463.74,29573.11,133612
2026-06-24T01:00:00+00:00,29573.11,29579.74,29488.81,29553.49,123673
2026-06-24T02:00:00+00:00,29553.49,29565.49,29363.24,29364.99,89196
2026-06-24T03:00:00+00:00,29364.99,29506.24,29343.11,29472.99,99078
2026-06-24T04:00:00+00:00,29472.99,29517.99,29381.61,29512.24,87693
2026-06-24T05:00:00+00:00,29512.24,29611.24,29506.74,29547.11,87507
2026-06-24T06:00:00+00:00,29547.11,29592.49,29524.06,29549.86,70751
2026-06-24T07:00:00+00:00,29549.86,29568.36,29490.61,29497.61,82396
2026-06-24T08:00:00+00:00,29497.61,29593.99,29490.49,29546.36,82619
2026-06-24T09:00:00+00:00,29546.36,29570.99,29481.49,29536.11,71576
2026-06-24T10:00:00+00:00,29536.11,29578.99,29501.81,29520.99,56690
2026-06-24T11:00:00+00:00,29520.99,29592.49,29461.81,29588.61,81852
2026-06-24T12:00:00+00:00,29588.61,29599.86,29479.61,29490.74,87925
2026-06-24T13:00:00+00:00,29490.74,29568.760000000002,29290.06,29411.81,409301
2026-06-24T14:00:00+00:00,29411.81,29620.510000000002,29252.81,29618.260000000002,473326
2026-06-24T15:00:00+00:00,29618.260000000002,29634.64,29427.64,29483.510000000002,364234
2026-06-24T16:00:00+00:00,29483.510000000002,29532.14,29323.260000000002,29333.760000000002,294904
2026-06-24T17:00:00+00:00,29333.760000000002,29388.64,29092.64,29116.14,361595
2026-06-24T18:00:00+00:00,29116.14,29290.64,29052.14,29072.760000000002,339678
2026-06-24T19:00:00+00:00,29072.760000000002,29256.39,28991.89,29241.14,363340
2026-06-24T20:00:00+00:00,29241.14,29884.36,29213.06,29823.190000000002,154501
2026-06-24T22:00:00+00:00,29823.190000000002,29904.99,29783.99,29788.86,59018
2026-06-24T23:00:00+00:00,29788.86,29872.74,29784.74,29833.36,45652
2026-06-25T00:00:00+00:00,29833.36,29839.61,29673.74,29703.86,101656
2026-06-25T01:00:00+00:00,29703.86,29768.36,29687.86,29735.24,103311
2026-06-25T02:00:00+00:00,29735.24,29757.61,29662.11,29735.36,70335
2026-06-25T03:00:00+00:00,29735.36,29781.74,29718.31,29770.86,57142
2026-06-25T04:00:00+00:00,29770.86,29800.49,29735.36,29777.61,45617
2026-06-25T05:00:00+00:00,29777.61,29858.49,29776.61,29825.99,52101
2026-06-25T06:00:00+00:00,29825.99,29868.49,29814.81,29842.74,48937
2026-06-25T07:00:00+00:00,29842.74,29923.61,29842.74,29917.49,54071
2026-06-25T08:00:00+00:00,29917.49,29955.11,29847.74,29857.49,58576
2026-06-25T09:00:00+00:00,29857.49,29894.74,29850.36,29869.24,45263
2026-06-25T10:00:00+00:00,29869.24,29922.49,29861.74,29896.74,45564
2026-06-25T11:00:00+00:00,29896.74,29930.24,29836.36,29868.11,69679
2026-06-25T12:00:00+00:00,29868.11,29999.06,29854.11,29938.99,94583
2026-06-25T13:00:00+00:00,29938.99,29951.99,29033.56,29053.06,448906
2026-06-25T14:00:00+00:00,29053.06,29513.64,29044.06,29371.760000000002,635441
2026-06-25T15:00:00+00:00,29371.760000000002,29499.560000000005,29199.930000000008,29396.930000000008,419232.671430112
2026-06-25T16:00:00+00:00,29396.930000000008,29608.930000000008,29323.680000000008,29419.060000000005,340409
2026-06-25T17:00:00+00:00,29419.060000000005,29548.310000000005,29409.430000000008,29531.430000000008,278457
2026-06-25T18:00:00+00:00,29531.430000000008,29628.430000000008,29416.480000000007,29510.680000000008,306162
2026-06-25T19:00:00+00:00,29510.680000000008,29514.430000000008,29353.180000000008,29487.180000000008,308573
2026-06-25T20:00:00+00:00,29487.180000000008,29659.410000000007,29485.030000000006,29497.100000000006,75277
2026-06-25T22:00:00+00:00,29497.100000000006,29507.500000000007,29352.500000000007,29425.120000000006,47503
2026-06-25T23:00:00+00:00,29425.120000000006,29639.500000000007,29413.070000000007,29452.620000000006,54862
2026-06-26T00:00:00+00:00,29452.620000000006,29518.500000000007,29362.570000000007,29383.250000000007,143238
2026-06-26T01:00:00+00:00,29383.250000000007,29422.870000000006,29208.750000000007,29238.820000000007,99223
2026-06-26T02:00:00+00:00,29238.820000000007,29251.870000000006,28977.320000000007,29011.320000000007,78764
2026-06-26T03:00:00+00:00,29011.320000000007,29115.870000000006,28907.570000000007,29112.500000000007,82515
2026-06-26T04:00:00+00:00,29112.500000000007,29132.120000000006,28999.070000000007,29016.870000000006,70721
2026-06-26T05:00:00+00:00,29016.870000000006,29156.120000000006,29002.500000000007,29072.120000000006,68626
2026-06-26T06:00:00+00:00,29072.120000000006,29282.250000000007,29036.120000000006,29249.570000000007,70156
2026-06-26T07:00:00+00:00,29249.570000000007,29309.370000000006,29182.120000000006,29273.370000000006,60329
2026-06-26T08:00:00+00:00,29273.370000000006,29303.870000000006,29110.500000000007,29145.320000000007,66404
2026-06-26T09:00:00+00:00,29145.320000000007,29191.000000000007,29091.250000000007,29117.500000000007,58252
2026-06-26T10:00:00+00:00,29117.500000000007,29146.000000000007,29064.570000000007,29107.820000000007,50438
2026-06-26T11:00:00+00:00,29107.820000000007,29172.120000000006,29051.370000000006,29097.120000000006,63480
2026-06-26T12:00:00+00:00,29097.120000000006,29196.370000000006,29044.750000000007,29062.250000000007,78684
2026-06-26T13:00:00+00:00,29062.250000000007,29210.770000000008,28928.820000000007,29187.320000000007,388034
2026-06-26T14:00:00+00:00,29187.320000000007,29410.900000000005,29165.070000000007,29248.900000000005,443197
2026-06-26T15:00:00+00:00,29248.900000000005,29463.020000000008,29156.070000000007,29367.020000000008,364971
2026-06-26T16:00:00+00:00,29367.020000000008,29391.770000000008,29241.070000000007,29358.770000000008,265905
2026-06-26T17:00:00+00:00,29358.770000000008,29447.400000000005,29283.07000000001,29292.190000000013,222275.75074939302
2026-06-26T18:00:00+00:00,29292.190000000013,29329.57000000001,29136.690000000013,29163.32000000001,214667
2026-06-26T19:00:00+00:00,29163.32000000001,29316.940000000013,29031.990000000013,29046.990000000013,297519
2026-06-26T20:00:00+00:00,29046.990000000013,29157.240000000013,29003.65,29017.980000000003,92005
2026-06-28T22:00:00+00:00,29017.980000000003,29363.100000000002,29017.980000000003,29325.780000000002,60657
2026-06-28T23:00:00+00:00,29325.780000000002,29449.9,29316.100000000002,29386.4,50478
2026-06-29T00:00:00+00:00,29386.4,29388.780000000002,29130.530000000002,29259.780000000002,137656
2026-06-29T01:00:00+00:00,29259.780000000002,29325.030000000002,29187.600000000002,29282.850000000002,126829
2026-06-29T02:00:00+00:00,29282.850000000002,29311.15,29155.600000000002,29289.600000000002,89124
2026-06-29T03:00:00+00:00,29289.600000000002,29371.9,29248.530000000002,29359.780000000002,70019
2026-06-29T04:00:00+00:00,29359.780000000002,29360.780000000002,29271.850000000002,29285.100000000002,63813
2026-06-29T05:00:00+00:00,29285.100000000002,29438.4,29258.100000000002,29435.600000000002,82441
2026-06-29T06:00:00+00:00,29435.600000000002,29450.780000000002,29357.350000000002,29397.280000000002,62011
2026-06-29T07:00:00+00:00,29397.280000000002,29462.530000000002,29342.850000000002,29429.350000000002,67007
2026-06-29T08:00:00+00:00,29429.350000000002,29498.15,29419.850000000002,29425.780000000002,68206
2026-06-29T09:00:00+00:00,29425.780000000002,29454.530000000002,29386.600000000002,29431.280000000002,53118
2026-06-29T10:00:00+00:00,29431.280000000002,29512.530000000002,29429.850000000002,29508.15,48282
2026-06-29T11:00:00+00:00,29508.15,29525.65,29450.65,29471.280000000002,64590
2026-06-29T12:00:00+00:00,29471.280000000002,29505.780000000002,29417.030000000002,29471.4,72281
2026-06-29T13:00:00+00:00,29471.4,29605.550000000003,29324.300000000003,29385.300000000003,362286
2026-06-29T14:00:00+00:00,29385.300000000003,29483.68,29041.43,29481.050000000003,591488
2026-06-29T15:00:00+00:00,29481.050000000003,29614.300000000003,29426.68,29606.300000000003,337287
2026-06-29T16:00:00+00:00,29606.300000000003,29699.68,29601.43,29682.800000000003,171562
2026-06-29T17:00:00+00:00,29682.800000000003,29804.93,29682.800000000003,29770.550000000003,119156
2026-06-29T18:00:00+00:00,29770.550000000003,29835.93,29753.800000000003,29799.550000000003,108864
2026-06-29T19:00:00+00:00,29799.550000000003,29835.550000000003,29740.68,29813.93,146193
2026-06-29T20:00:00+00:00,29813.93,29815.780000000002,29758.4,29761.730000000003,44241
2026-06-29T22:00:00+00:00,29761.730000000003,29811.06,29746.63,29787.68,34708
2026-06-29T23:00:00+00:00,29787.68,29830.18,29781.43,29815.43,29240
2026-06-30T00:00:00+00:00,29815.43,29861.68,29711.31,29785.56,115221
2026-06-30T01:00:00+00:00,29785.56,29855.18,29726.81,29829.68,97803
2026-06-30T02:00:00+00:00,29829.68,29832.18,29753.56,29795.93,63661
2026-06-30T03:00:00+00:00,29795.93,29905.81,29787.18,29871.93,52763
2026-06-30T04:00:00+00:00,29871.93,29984.43,29870.43,29961.93,45968
2026-06-30T05:00:00+00:00,29961.93,29992.18,29892.31,29942.68,60337
2026-06-30T06:00:00+00:00,29942.68,29948.56,29874.31,29908.93,54965
2026-06-30T07:00:00+00:00,29908.93,29926.06,29844.38,29857.43,61742
2026-06-30T08:00:00+00:00,29857.43,29910.31,29794.63,29845.68,71515
2026-06-30T09:00:00+00:00,29845.68,29869.43,29810.31,29858.06,55676
2026-06-30T10:00:00+00:00,29858.06,29927.31,29843.93,29915.81,45311
2026-06-30T11:00:00+00:00,29915.81,29950.93,29890.31,29913.68,65119
2026-06-30T12:00:00+00:00,29913.68,29918.56,29780.06,29788.81,97628
2026-06-30T13:00:00+00:00,29788.81,30142.210000000003,29772.43,30140.38,330075
2026-06-30T14:00:00+00:00,30140.38,30217.83,30050.83,30081.08,385466
2026-06-30T15:00:00+00:00,30081.08,30257.83,30075.83,30236.210000000003,192013
2026-06-30T16:00:00+00:00,30236.210000000003,30322.58,30229.08,30303.960000000003,104119
2026-06-30T17:00:00+00:00,30303.960000000003,30338.710000000003,30291.960000000003,30300.710000000003,93597
2026-06-30T18:00:00+00:00,30300.710000000003,30351.33,30274.960000000003,30330.210000000003,98211
2026-06-30T19:00:00+00:00,30330.210000000003,30375.710000000003,30286.58,30292.88,143011
2026-06-30T20:00:00+00:00,30292.88,30319.06,30260.31,30276.63,57723
2026-06-30T22:00:00+00:00,30276.63,30321.58,30272.530000000002,30296.210000000003,29629
2026-06-30T23:00:00+00:00,30296.210000000003,30328.710000000003,30295.460000000003,30319.08,29193
2026-07-01T00:00:00+00:00,30319.08,30339.08,30293.33,30309.460000000003,65885
2026-07-01T01:00:00+00:00,30309.460000000003,30315.58,30237.58,30238.83,80291
2026-07-01T02:00:00+00:00,30238.83,30241.710000000003,30152.960000000003,30223.710000000003,62638
2026-07-01T03:00:00+00:00,30223.710000000003,30263.210000000003,30215.460000000003,30252.58,44536
2026-07-01T04:00:00+00:00,30252.58,30260.460000000003,30214.960000000003,30229.83,40060
2026-07-01T05:00:00+00:00,30229.83,30248.960000000003,30208.33,30215.33,48007
2026-07-01T06:00:00+00:00,30215.33,30229.83,30150.33,30177.33,50057
2026-07-01T07:00:00+00:00,30177.33,30181.08,30085.08,30159.960000000003,59691
2026-07-01T08:00:00+00:00,30159.960000000003,30164.210000000003,30103.710000000003,30163.08,61521
2026-07-01T09:00:00+00:00,30163.08,30171.710000000003,30124.33,30169.960000000003,48861
2026-07-01T10:00:00+00:00,30169.960000000003,30200.08,30137.58,30193.33,39419
2026-07-01T11:00:00+00:00,30193.33,30221.33,30140.710000000003,30148.33,57475
2026-07-01T12:00:00+00:00,30148.33,30180.460000000003,30019.33,30052.58,126998
2026-07-01T13:00:00+00:00,30052.58,30099.960000000003,29873.980000000003,30066.030000000002,531962
2026-07-01T14:00:00+00:00,30066.030000000002,30113.36,29923.230000000003,29978.980000000003,423657
2026-07-01T15:00:00+00:00,29978.980000000003,30141.230000000003,29972.480000000003,30040.86,268468
2026-07-01T16:00:00+00:00,30040.86,30067.36,29959.280000000002,29975.86,189124
2026-07-01T17:00:00+00:00,29975.86,30026.730000000003,29938.780000000002,29949.480000000003,159205
2026-07-01T18:00:00+00:00,29949.480000000003,29976.61,29885.739999999998,29919.239999999998,131513.57859327662
2026-07-01T19:00:00+00:00,29919.239999999998,30018.11,29840.61,29866.61,199355
2026-07-01T20:00:00+00:00,29866.61,29872.71,29795.16,29851.539999999997,69467
2026-07-01T22:00:00+00:00,29851.539999999997,29909.739999999998,29845.739999999998,29901.239999999998,29497
2026-07-01T23:00:00+00:00,29901.239999999998,29903.989999999998,29804.69,29838.739999999998,31759
2026-07-02T00:00:00+00:00,29838.739999999998,29911.239999999998,29746.94,29903.37,125816
2026-07-02T01:00:00+00:00,29903.37,30021.739999999998,29891.44,29996.87,88931
2026-07-02T02:00:00+00:00,29996.87,30032.62,29974.739999999998,30001.239999999998,61457
2026-07-02T03:00:00+00:00,30001.239999999998,30007.239999999998,29928.489999999998,29966.489999999998,64962
2026-07-02T04:00:00+00:00,29966.489999999998,29982.37,29844.19,29906.87,71722
2026-07-02T05:00:00+00:00,29906.87,29952.87,29831.62,29844.37,73089
2026-07-02T06:00:00+00:00,29844.37,29860.489999999998,29688.739999999998,29713.87,84836
2026-07-02T07:00:00+00:00,29713.87,29737.87,29619.989999999998,29685.12,87405
2026-07-02T08:00:00+00:00,29685.12,29832.12,29620.989999999998,29827.37,90018
2026-07-02T09:00:00+00:00,29827.37,29827.489999999998,29737.87,29752.239999999998,67306
2026-07-02T10:00:00+00:00,29752.239999999998,29802.12,29713.87,29797.489999999998,59575
2026-07-02T11:00:00+00:00,29797.489999999998,29872.739999999998,29761.44,29828.489999999998,68355
2026-07-02T12:00:00+00:00,29828.489999999998,30113.239999999998,29815.87,29976.87,155232
2026-07-02T13:00:00+00:00,29976.87,30055.52,29801.77,30051.02,447430
2026-07-02T14:00:00+00:00,30051.02,30087.27,29525.19,29634.52,640924
2026-07-02T15:00:00+00:00,29634.52,29645.77,29405.14,29470.39,537587
2026-07-02T16:00:00+00:00,29470.39,29482.39,29228.39,29255.89,359534
2026-07-02T17:00:00+00:00,29255.89,29277.14,29122.77,29133.02,328374
2026-07-02T18:00:00+00:00,29133.02,29321.77,29124.89,29282.64,288969
2026-07-02T19:00:00+00:00,29282.64,29382.02,29143.64,29333.77,315654
2026-07-02T20:00:00+00:00,29333.77,29358.489999999998,29307.989999999998,29346.309999999998,62677
2026-07-02T22:00:00+00:00,29346.309999999998,29423.96,29346.309999999998,29418.329999999998,16590
2026-07-02T23:00:00+00:00,29418.329999999998,29419.96,29354.28,29401.78,34124
2026-07-03T00:00:00+00:00,29401.78,29440.329999999998,29324.53,29338.78,103862
2026-07-03T01:00:00+00:00,29338.78,29500.46,29335.53,29484.329999999998,76308
2026-07-03T02:00:00+00:00,29484.329999999998,29557.079999999998,29482.78,29551.96,36428
2026-07-03T03:00:00+00:00,29551.96,29576.46,29519.829999999998,29569.71,33953
2026-07-03T04:00:00+00:00,29569.71,29622.079999999998,29564.829999999998,29604.329999999998,30775
2026-07-03T05:00:00+00:00,29604.329999999998,29642.829999999998,29591.78,29626.71,32536
2026-07-03T06:00:00+00:00,29626.71,29689.329999999998,29622.71,29642.71,33856
2026-07-03T07:00:00+00:00,29642.71,29670.46,29628.079999999998,29646.579999999998,34322
2026-07-03T08:00:00+00:00,29646.579999999998,29675.21,29633.71,29651.21,35860
2026-07-03T09:00:00+00:00,29651.21,29702.21,29629.71,29672.96,30859
2026-07-03T10:00:00+00:00,29672.96,29695.829999999998,29658.53,29682.21,21229
2026-07-03T11:00:00+00:00,29682.21,29709.829999999998,29668.079999999998,29702.579999999998,24148
2026-07-03T12:00:00+00:00,29702.579999999998,29724.829999999998,29677.96,29704.21,29847
2026-07-03T13:00:00+00:00,29704.21,29757.61,29688.079999999998,29741.61,53841
2026-07-03T14:00:00+00:00,29741.61,29747.81,29690.890000000003,29720.640000000003,45154.84821737941
2026-07-03T15:00:00+00:00,29720.640000000003,29726.890000000003,29687.06,29708.390000000003,34234
2026-07-03T16:00:00+00:00,29708.390000000003,29726.760000000002,29693.390000000003,29704.06,24871
2026-07-03T17:00:00+00:00,29704.06,29704.160000000003,29643.850000000002,29654.05,398.9856789138232
2026-07-03T18:00:00+00:00,29654.05,29654.55,29643.850000000002,29648.450000000004,484.6091765899058
2026-07-03T19:00:00+00:00,29652.75,29665.950000000004,29648.250000000007,29657.750000000007,2106.7251532261857
2026-07-05T22:00:00+00:00,29703.9,29787.350000000002,29669.170000000002,29753.47,42896
2026-07-05T23:00:00+00:00,29753.47,29817.72,29734.600000000002,29793.22,37991
2026-07-06T00:00:00+00:00,29793.22,29812.600000000002,29652.850000000002,29733.22,118741
2026-07-06T01:00:00+00:00,29733.22,29739.600000000002,29558.47,29600.600000000002,107937
2026-07-06T02:00:00+00:00,29600.600000000002,29626.47,29491.350000000002,29533.97,89062
2026-07-06T03:00:00+00:00,29533.97,29614.47,29501.600000000002,29538.600000000002,66151
2026-07-06T04:00:00+00:00,29538.600000000002,29648.350000000002,29511.350000000002,29636.72,57045
2026-07-06T05:00:00+00:00,29636.72,29640.22,29560.850000000002,29598.600000000002,60476
2026-07-06T06:00:00+00:00,29598.600000000002,29665.97,29562.850000000002,29655.22,51321
2026-07-06T07:00:00+00:00,29655.22,29683.350000000002,29624.22,29659.97,45880
2026-07-06T08:00:00+00:00,29659.97,29692.22,29587.97,29677.47,55460
2026-07-06T09:00:00+00:00,29677.47,29696.100000000002,29634.97,29685.47,46831
2026-07-06T10:00:00+00:00,29685.47,29699.22,29655.100000000002,29692.600000000002,39632
2026-07-06T11:00:00+00:00,29692.600000000002,29722.850000000002,29649.47,29686.47,61289
2026-07-06T12:00:00+00:00,29686.47,29744.100000000002,29673.47,29741.97,72396
2026-07-06T13:00:00+00:00,29741.97,29816.370000000003,29584.920000000002,29739.920000000002,341028
2026-07-06T14:00:00+00:00,29739.920000000002,29875.870000000003,29711.920000000002,29833.870000000003,354544
2026-07-06T15:00:00+00:00,29833.870000000003,29892.120000000003,29749.75,29882,201101
2026-07-06T16:00:00+00:00,29882,29902.25,29789.5,29797.5,123613
2026-07-06T17:00:00+00:00,29797.5,29844.620000000003,29690.5,29705,151565
2026-07-06T18:00:00+00:00,29705,29812.25,29703.870000000003,29798.75,114652
2026-07-06T19:00:00+00:00,29798.75,29860.25,29739.870000000003,29759.25,145299
2026-07-06T20:00:00+00:00,29759.25,29780.72,29739.47,29755.050000000003,35931
2026-07-06T22:00:00+00:00,29755.050000000003,29780.83,29696.83,29701.58,23999
2026-07-06T23:00:00+00:00,29701.58,29736.58,29647.08,29660.08,35843
2026-07-07T00:00:00+00:00,29660.08,29721.45,29615.83,29625.08,101932
2026-07-07T01:00:00+00:00,29625.08,29642.33,29524.58,29580.33,93655
2026-07-07T02:00:00+00:00,29580.33,29626.83,29546.4,29554.7,77292
2026-07-07T03:00:00+00:00,29554.7,29591.7,29436.58,29476.33,75014
2026-07-07T04:00:00+00:00,29476.33,29488.2,29415.2,29432.7,54363
2026-07-07T05:00:00+00:00,29432.7,29511.83,29365.83,29495.83,76389
2026-07-07T06:00:00+00:00,29495.83,29508.45,29438.95,29496.95,56633
2026-07-07T07:00:00+00:00,29496.95,29551.45,29451.08,29453.7,59256
2026-07-07T08:00:00+00:00,29453.7,29517.08,29449.2,29466.58,59741
2026-07-07T09:00:00+00:00,29466.58,29501.33,29429.95,29470.45,47931
2026-07-07T10:00:00+00:00,29470.45,29496.58,29432.83,29466.33,47777
2026-07-07T11:00:00+00:00,29466.33,29468.58,29399.08,29448.95,77741
2026-07-07T12:00:00+00:00,29448.95,29523.7,29429.83,29450.2,86930
2026-07-07T13:00:00+00:00,29450.2,29492.350000000002,29228.350000000002,29277.730000000003,407709
2026-07-07T14:00:00+00:00,29277.730000000003,29313.100000000002,29017.980000000003,29110.600000000002,546479
2026-07-07T15:00:00+00:00,29110.600000000002,29196.850000000002,29056.230000000003,29195.350000000002,334663
2026-07-07T16:00:00+00:00,29195.350000000002,29366.230000000003,29184.730000000003,29347.730000000003,219645
2026-07-07T17:00:00+00:00,29347.730000000003,29388.600000000002,29318.100000000002,29374.980000000003,173729
2026-07-07T18:00:00+00:00,29374.980000000003,29382.230000000003,29192.480000000003,29198.600000000002,182996
2026-07-07T19:00:00+00:00,29198.600000000002,29218.100000000002,29078.600000000002,29203.350000000002,306791
2026-07-07T20:00:00+00:00,29203.350000000002,29244.83,29195.33,29227.280000000002,48190
2026-07-07T22:00:00+00:00,29227.280000000002,29227.280000000002,29133.480000000003,29196.16,31712
2026-07-07T23:00:00+00:00,29196.16,29220.41,29106.480000000003,29114.280000000002,36208
2026-07-08T00:00:00+00:00,29114.280000000002,29360.030000000002,29079.91,29356.41,112936
2026-07-08T01:00:00+00:00,29356.41,29371.030000000002,29240.530000000002,29249.91,89839
2026-07-08T02:00:00+00:00,29249.91,29288.530000000002,29201.66,29274.41,83136
2026-07-08T03:00:00+00:00,29274.41,29345.530000000002,29274.41,29280.530000000002,58611
2026-07-08T04:00:00+00:00,29280.530000000002,29286.91,29189.780000000002,29229.16,71855
2026-07-08T05:00:00+00:00,29229.16,29260.280000000002,29125.66,29160.91,84402
2026-07-08T06:00:00+00:00,29160.91,29176.91,29096.230000000003,29143.530000000002,65410
2026-07-08T07:00:00+00:00,29143.530000000002,29221.91,29095.030000000002,29195.030000000002,72991
2026-07-08T08:00:00+00:00,29195.030000000002,29228.530000000002,28771.230000000003,28823.16,179326
2026-07-08T09:00:00+00:00,28823.16,28847.280000000002,28722.980000000003,28772.030000000002,107929
2026-07-08T10:00:00+00:00,28772.030000000002,28873.980000000003,28736.730000000003,28832.230000000003,72518
2026-07-08T11:00:00+00:00,28832.230000000003,28938.41,28786.480000000003,28902.530000000002,92562
2026-07-08T12:00:00+00:00,28902.530000000002,29052.66,28866.980000000003,28967.66,87934
2026-07-08T13:00:00+00:00,28967.66,29212.81,28962.030000000002,29180.31,395904
2026-07-08T14:00:00+00:00,29180.31,29203.18,28965.06,29025.06,494189
2026-07-08T15:00:00+00:00,29025.06,29038.06,28848.18,28910.81,349707
2026-07-08T16:00:00+00:00,28910.81,29190.93,28906.480000000003,29186.68,190566
2026-07-08T17:00:00+00:00,29186.68,29271.68,29138.06,29166.93,175553
2026-07-08T18:00:00+00:00,29166.93,29238.780000000002,29142.730000000003,29218.780000000002,160992.12454907916
2026-07-08T19:00:00+00:00,29218.780000000002,29313.530000000002,29189.910000000003,29271.410000000003,179948
2026-07-08T20:00:00+00:00,29271.410000000003,29281.880000000005,29165.880000000005,29203.960000000003,59228
2026-07-08T22:00:00+00:00,29203.960000000003,29264.210000000003,29203.960000000003,29240.590000000004,20707
2026-07-08T23:00:00+00:00,29240.590000000004,29318.210000000003,29210.910000000003,29307.340000000004,36092
2026-07-09T00:00:00+00:00,29307.340000000004,29398.090000000004,29302.160000000003,29318.840000000004,87632
2026-07-09T01:00:00+00:00,29318.840000000004,29370.340000000004,29260.160000000003,29264.840000000004,90063
2026-07-09T02:00:00+00:00,29264.840000000004,29392.340000000004,29234.910000000003,29244.840000000004,82850
2026-07-09T03:00:00+00:00,29244.840000000004,29332.840000000004,29211.960000000003,29321.590000000004,79300
2026-07-09T04:00:00+00:00,29321.590000000004,29374.210000000003,29278.090000000004,29367.960000000003,60680
2026-07-09T05:00:00+00:00,29367.960000000003,29424.710000000003,29289.840000000004,29422.340000000004,77492
2026-07-09T06:00:00+00:00,29422.340000000004,29458.460000000003,29387.460000000003,29427.710000000003,59598
2026-07-09T07:00:00+00:00,29427.710000000003,29521.710000000003,29418.960000000003,29499.840000000004,55193
2026-07-09T08:00:00+00:00,29499.840000000004,29550.710000000003,29458.590000000004,29476.840000000004,63961
2026-07-09T09:00:00+00:00,29476.840000000004,29485.090000000004,29428.590000000004,29460.090000000004,57833
2026-07-09T10:00:00+00:00,29460.090000000004,29484.340000000004,29379.210000000003,29415.960000000003,53364
2026-07-09T11:00:00+00:00,29415.960000000003,29536.090000000004,29393.590000000004,29511.590000000004,68304
2026-07-09T12:00:00+00:00,29511.590000000004,29601.710000000003,29495.960000000003,29550.960000000003,76302
2026-07-09T13:00:00+00:00,29550.960000000003,29746.240000000005,29487.110000000004,29726.360000000004,289425
2026-07-09T14:00:00+00:00,29726.360000000004,29738.110000000004,29429.740000000005,29602.610000000004,433678
2026-07-09T15:00:00+00:00,29602.610000000004,29720.860000000004,29595.240000000005,29701.740000000005,177688
2026-07-09T16:00:00+00:00,29701.740000000005,29739.490000000005,29679.910000000003,29712.740000000005,102633
2026-07-09T17:00:00+00:00,29712.740000000005,29808.860000000004,29708.860000000004,29789.740000000005,80452
2026-07-09T18:00:00+00:00,29789.740000000005,29800.110000000004,29744.990000000005,29754.860000000004,86921
2026-07-09T19:00:00+00:00,29754.860000000004,29773.490000000005,29712.610000000004,29763.860000000004,114802
2026-07-09T20:00:00+00:00,29763.860000000004,29788.840000000004,29741.590000000004,29745.780000000002,33394
2026-07-09T22:00:00+00:00,29745.780000000002,29776.610000000004,29720.560000000005,29737.610000000004,23564
2026-07-09T23:00:00+00:00,29737.610000000004,29779.490000000005,29723.490000000005,29748.860000000004,25184
2026-07-10T00:00:00+00:00,29748.860000000004,29767.990000000005,29620.610000000004,29682.860000000004,89351
2026-07-10T01:00:00+00:00,29682.860000000004,29738.610000000004,29633.990000000005,29708.240000000005,59283
2026-07-10T02:00:00+00:00,29708.240000000005,29768.860000000004,29670.240000000005,29767.610000000004,48564
2026-07-10T03:00:00+00:00,29767.610000000004,29779.240000000005,29728.360000000004,29748.740000000005,35366
2026-07-10T04:00:00+00:00,29748.740000000005,29764.990000000005,29691.610000000004,29699.240000000005,36737
2026-07-10T05:00:00+00:00,29699.240000000005,29713.240000000005,29656.360000000004,29661.740000000005,45714
2026-07-10T06:00:00+00:00,29661.740000000005,29673.110000000004,29591.740000000005,29635.360000000004,51397
2026-07-10T07:00:00+00:00,29635.360000000004,29641.740000000005,29579.360000000004,29589.490000000005,47142
2026-07-10T08:00:00+00:00,29589.490000000005,29620.360000000004,29559.490000000005,29589.740000000005,59726
2026-07-10T09:00:00+00:00,29589.740000000005,29643.490000000005,29532.560000000005,29631.240000000005,45302
2026-07-10T10:00:00+00:00,29631.240000000005,29678.240000000005,29621.810000000005,29666.490000000005,35913
2026-07-10T11:00:00+00:00,29666.490000000005,29703.490000000005,29622.860000000004,29631.490000000005,51687
2026-07-10T12:00:00+00:00,29631.490000000005,29695.360000000004,29587.740000000005,29616.360000000004,77957
2026-07-10T13:00:00+00:00,29616.360000000004,29784.760000000002,29606.740000000005,29738.760000000002,319256
2026-07-10T14:00:00+00:00,29738.760000000002,29782.140000000003,29492.560000000005,29634.260000000002,416241
2026-07-10T15:00:00+00:00,29634.260000000002,29808.010000000002,29597.010000000002,29761.140000000003,297556
2026-07-10T16:00:00+00:00,29761.140000000003,29859.140000000003,29760.510000000002,29843.260000000002,134475
2026-07-10T17:00:00+00:00,29843.260000000002,29888.390000000003,29813.260000000002,29855.140000000003,89563
2026-07-10T18:00:00+00:00,29855.140000000003,29886.140000000003,29838.310000000005,29854.640000000003,83965
2026-07-10T19:00:00+00:00,29854.640000000003,29893.010000000002,29841.390000000003,29853.510000000002,96657
2026-07-10T20:00:00+00:00,29853.510000000002,29877.890000000003,29847.860000000004,29875.210000000003,19638
2026-07-12T22:00:00+00:00,29875.210000000003,30539.000000000004,29875.210000000003,30470.120000000003,34435
2026-07-12T23:00:00+00:00,30470.120000000003,30470.750000000004,30404.500000000004,30452.370000000003,32071
2026-07-13T00:00:00+00:00,30452.370000000003,30601.750000000004,30367.870000000003,30394.870000000003,116657
2026-07-13T01:00:00+00:00,30394.870000000003,30410.250000000004,30297.120000000003,30320.750000000004,110395
2026-07-13T02:00:00+00:00,30320.750000000004,30368.620000000003,30274.870000000003,30276.370000000003,74034
2026-07-13T03:00:00+00:00,30276.370000000003,30287.500000000004,30242.500000000004,30248.250000000004,55988
2026-07-13T04:00:00+00:00,30248.250000000004,30249.750000000004,30173.120000000003,30186.870000000003,47145
2026-07-13T05:00:00+00:00,30186.870000000003,30253.250000000004,30103.320000000003,30209.500000000004,85116
2026-07-13T06:00:00+00:00,30209.500000000004,30225.620000000003,30145.500000000004,30190.620000000003,72089
2026-07-13T07:00:00+00:00,30190.620000000003,30249.750000000004,30166.870000000003,30213.370000000003,61223
2026-07-13T08:00:00+00:00,30213.370000000003,30313.620000000003,30207.120000000003,30306.870000000003,55465
2026-07-13T09:00:00+00:00,30306.870000000003,30336.500000000004,30277.320000000003,30330.870000000003,34576
2026-07-13T10:00:00+00:00,30330.870000000003,30337.870000000003,30295.870000000003,30316.250000000004,35518
2026-07-13T11:00:00+00:00,30316.250000000004,30359.370000000003,30289.500000000004,30300.750000000004,58215
2026-07-13T12:00:00+00:00,30300.750000000004,30317.870000000003,30216.000000000004,30278.620000000003,71945
2026-07-13T13:00:00+00:00,30278.620000000003,30307.750000000004,30078.400000000005,30191.150000000005,373004
2026-07-13T14:00:00+00:00,30191.150000000005,30284.270000000004,30049.150000000005,30277.900000000005,431256
2026-07-13T15:00:00+00:00,30277.900000000005,30312.520000000004,30157.150000000005,30171.770000000004,242962
2026-07-13T16:00:00+00:00,30171.770000000004,30198.900000000005,30020.900000000005,30086.520000000004,230315
2026-07-13T17:00:00+00:00,30086.520000000004,30140.900000000005,30028.520000000004,30039.900000000005,175836
2026-07-13T18:00:00+00:00,30039.900000000005,30099.650000000005,30015.020000000004,30053.270000000004,164027
2026-07-13T19:00:00+00:00,30053.270000000004,30085.150000000005,29953.820000000003,30026.770000000004,178179
2026-07-13T20:00:00+00:00,30026.770000000004,30033.750000000004,29946.500000000004,29989.820000000003,44924
2026-07-13T22:00:00+00:00,29989.820000000003,30045.090000000004,29959.970000000005,29964.970000000005,26703
2026-07-13T23:00:00+00:00,29964.970000000005,29989.340000000004,29893.220000000005,29986.840000000004,40576
2026-07-14T00:00:00+00:00,29986.840000000004,30100.090000000004,29891.790000000005,30087.590000000004,173847
2026-07-14T01:00:00+00:00,30087.590000000004,30106.590000000004,30002.720000000005,30013.340000000004,118237
2026-07-14T02:00:00+00:00,30013.340000000004,30054.590000000004,29931.720000000005,29953.720000000005,101318
2026-07-14T03:00:00+00:00,29953.720000000005,29993.970000000005,29869.220000000005,29990.340000000004,95356
2026-07-14T04:00:00+00:00,29990.340000000004,30082.090000000004,29937.470000000005,30075.090000000004,68587
2026-07-14T05:00:00+00:00,30075.090000000004,30197.220000000005,30054.720000000005,30158.340000000004,67116
2026-07-14T06:00:00+00:00,30158.340000000004,30214.840000000004,30128.720000000005,30129.340000000004,54620
2026-07-14T07:00:00+00:00,30129.340000000004,30186.840000000004,30111.470000000005,30139.090000000004,86654
2026-07-14T08:00:00+00:00,30139.090000000004,30201.470000000005,30113.470000000005,30137.970000000005,85088
2026-07-14T09:00:00+00:00,30137.970000000005,30194.720000000005,30123.720000000005,30167.840000000004,56833
2026-07-14T10:00:00+00:00,30167.840000000004,30198.340000000004,30143.840000000004,30172.340000000004,51672
2026-07-14T11:00:00+00:00,30172.340000000004,30235.970000000005,30120.340000000004,30198.840000000004,98435
2026-07-14T12:00:00+00:00,30198.840000000004,30486.720000000005,30134.290000000005,30338.590000000004,133534
2026-07-14T13:00:00+00:00,30338.590000000004,30397.470000000005,30251.120000000003,30346.870000000003,366299
2026-07-14T14:00:00+00:00,30346.870000000003,30402.49,30133.620000000003,30339.99,445702
2026-07-14T15:00:00+00:00,30339.99,30461.74,30319.620000000003,30351.870000000003,259398
2026-07-14T16:00:00+00:00,30351.870000000003,30395.74,30270.620000000003,30392.49,170193
2026-07-14T17:00:00+00:00,30392.49,30432.370000000003,30373.290000000005,30429.24,100974
2026-07-14T18:00:00+00:00,30429.24,30443.620000000003,30376.540000000005,30390.370000000003,98146
2026-07-14T19:00:00+00:00,30390.370000000003,30403.870000000003,30336.99,30353.24,133552
2026-07-14T20:00:00+00:00,30353.24,30374.590000000004,30333.470000000005,30359.540000000005,34546
2026-07-14T22:00:00+00:00,30359.540000000005,30375.150000000005,30314.650000000005,30342.58,19986
2026-07-14T23:00:00+00:00,30342.58,30468.700000000004,30327.150000000005,30457.08,28222
2026-07-15T00:00:00+00:00,30457.08,30501.400000000005,30406.400000000005,30487.200000000004,73056
2026-07-15T01:00:00+00:00,30487.200000000004,30527.58,30429.450000000004,30525.450000000004,74240
2026-07-15T02:00:00+00:00,30525.450000000004,30556.08,30518.200000000004,30529.33,38430
2026-07-15T03:00:00+00:00,30529.33,30587.83,30516.200000000004,30581.33,32797
2026-07-15T04:00:00+00:00,30581.33,30591.700000000004,30552.08,30590.700000000004,29734
2026-07-15T05:00:00+00:00,30590.700000000004,30627.450000000004,30536.83,30600.200000000004,59701
2026-07-15T06:00:00+00:00,30600.200000000004,30618.58,30578.58,30599.83,41258
2026-07-15T07:00:00+00:00,30599.83,30631.33,30497.450000000004,30565.33,54072
2026-07-15T08:00:00+00:00,30565.33,30567.700000000004,30440.700000000004,30505.950000000004,59245
2026-07-15T09:00:00+00:00,30505.950000000004,30532.200000000004,30483.400000000005,30492.950000000004,40326
2026-07-15T10:00:00+00:00,30492.950000000004,30516.200000000004,30455.150000000005,30495.700000000004,43066
2026-07-15T11:00:00+00:00,30495.700000000004,30522.33,30474.08,30481.200000000004,51201
2026-07-15T12:00:00+00:00,30481.200000000004,30564.200000000004,30425.08,30549.33,75491
2026-07-15T13:00:00+00:00,30549.33,30568.08,30324.350000000002,30392.350000000002,291306
2026-07-15T14:00:00+00:00,30392.350000000002,30461.230000000003,30106.230000000003,30200.730000000003,470560
2026-07-15T15:00:00+00:00,30200.730000000003,30230.850000000002,30095.900000000005,30150.350000000002,313845
2026-07-15T16:00:00+00:00,30150.350000000002,30168.850000000002,29966.230000000003,30081.980000000003,262758
2026-07-15T17:00:00+00:00,30081.980000000003,30274.980000000003,30074.100000000002,30255.350000000002,145716
2026-07-15T18:00:00+00:00,30255.350000000002,30312.280000000006,30164.660000000007,30182.160000000007,129479.37672163395
2026-07-15T19:00:00+00:00,30182.160000000007,30276.160000000007,30158.910000000007,30270.280000000006,182164
2026-07-15T20:00:00+00:00,30270.280000000006,30306.260000000006,30230.08000000001,30277.83000000001,30486
2026-07-15T22:00:00+00:00,30277.83000000001,30322.250000000007,30249.700000000008,30290.450000000008,24406
2026-07-15T23:00:00+00:00,30290.450000000008,30309.750000000007,30255.450000000008,30264.750000000007,21543
2026-07-16T00:00:00+00:00,30264.750000000007,30336.250000000007,30196.130000000005,30225.500000000007,78930
2026-07-16T01:00:00+00:00,30225.500000000007,30260.130000000005,30168.380000000005,30223.630000000005,78102
2026-07-16T02:00:00+00:00,30223.630000000005,30309.000000000007,30194.380000000005,30301.250000000007,48121
2026-07-16T03:00:00+00:00,30301.250000000007,30325.250000000007,30281.130000000005,30317.380000000005,37764
2026-07-16T04:00:00+00:00,30317.380000000005,30329.380000000005,30271.380000000005,30282.000000000007,32285
2026-07-16T05:00:00+00:00,30282.000000000007,30369.880000000005,30241.130000000005,30260.750000000007,55341
2026-07-16T06:00:00+00:00,30260.750000000007,30321.700000000004,30215.950000000004,30258.630000000005,48178
2026-07-16T07:00:00+00:00,30258.630000000005,30258.630000000005,30122.250000000007,30136.500000000007,51672
2026-07-16T08:00:00+00:00,30136.500000000007,30168.630000000005,30052.000000000007,30165.380000000005,54920
2026-07-16T09:00:00+00:00,30165.380000000005,30218.380000000005,30101.880000000005,30104.630000000005,43234
2026-07-16T10:00:00+00:00,30104.630000000005,30135.250000000007,30077.000000000007,30103.750000000007,38321
2026-07-16T11:00:00+00:00,30103.750000000007,30104.750000000007,29934.950000000004,30020.500000000007,60581
2026-07-16T12:00:00+00:00,30020.500000000007,30031.630000000005,29937.630000000005,29966.250000000007,70509
2026-07-16T13:00:00+00:00,29966.250000000007,30103.030000000006,29834.150000000005,29920.450000000004,324187
2026-07-16T14:00:00+00:00,29920.450000000004,30076.030000000006,29895.200000000004,30008.900000000005,388150
2026-07-16T15:00:00+00:00,30008.900000000005,30039.900000000005,29910.780000000006,29965.530000000006,260358
2026-07-16T16:00:00+00:00,29965.530000000006,29969.150000000005,29835.950000000004,29912.400000000005,227221
2026-07-16T17:00:00+00:00,29912.400000000005,29918.400000000005,29794.030000000006,29817.280000000006,169693
2026-07-16T18:00:00+00:00,29817.280000000006,29878.030000000006,29773.400000000005,29784.780000000006,190331
2026-07-16T19:00:00+00:00,29784.780000000006,29816.280000000006,29653.530000000006,29790.900000000005,208756
2026-07-16T20:00:00+00:00,29790.900000000005,29803.200000000004,29736.130000000005,29751.820000000007,47524
2026-07-16T22:00:00+00:00,29751.820000000007,29798.010000000006,29695.760000000006,29715.390000000007,22910
2026-07-16T23:00:00+00:00,29715.390000000007,29723.890000000007,29640.510000000006,29675.010000000006,34636
2026-07-17T00:00:00+00:00,29675.010000000006,29704.010000000006,29575.390000000007,29636.890000000007,83842
2026-07-17T01:00:00+00:00,29636.890000000007,29685.390000000007,29525.760000000006,29551.140000000007,65531
2026-07-17T02:00:00+00:00,29551.140000000007,29565.390000000007,29482.710000000006,29504.010000000006,49480
2026-07-17T03:00:00+00:00,29504.010000000006,29605.510000000006,29490.510000000006,29491.260000000006,50017
2026-07-17T04:00:00+00:00,29491.260000000006,29492.010000000006,29355.010000000006,29385.260000000006,62999
2026-07-17T05:00:00+00:00,29385.260000000006,29401.260000000006,29306.760000000006,29335.510000000006,71860
2026-07-17T06:00:00+00:00,29335.510000000006,29404.260000000006,29304.760000000006,29323.390000000007,61543
2026-07-17T07:00:00+00:00,29323.390000000007,29346.760000000006,29263.260000000006,29266.510000000006,75594
2026-07-17T08:00:00+00:00,29266.510000000006,29314.010000000006,29136.760000000006,29208.760000000006,92525
2026-07-17T09:00:00+00:00,29208.760000000006,29307.010000000006,29199.390000000007,29290.760000000006,63762
2026-07-17T10:00:00+00:00,29290.760000000006,29404.510000000006,29272.710000000006,29363.890000000007,61914
2026-07-17T11:00:00+00:00,29363.890000000007,29387.640000000007,29298.510000000006,29320.010000000006,63083
2026-07-17T12:00:00+00:00,29320.010000000006,29325.010000000006,29226.890000000007,29244.760000000006,70397
2026-07-17T13:00:00+00:00,29244.760000000006,29264.410000000007,28988.540000000005,29254.960000000006,353703
2026-07-17T14:00:00+00:00,29254.960000000006,29474.540000000005,29245.710000000006,29306.910000000007,496606
2026-07-17T15:00:00+00:00,29306.910000000007,29528.290000000005,29254.290000000005,29513.410000000007,358308
2026-07-17T16:00:00+00:00,29513.410000000007,29608.290000000005,29427.290000000005,29555.540000000005,267233
2026-07-17T17:00:00+00:00,29555.540000000005,29626.040000000005,29465.040000000005,29476.040000000005,198568
2026-07-17T18:00:00+00:00,29476.040000000005,29515.410000000007,29376.790000000005,29441.790000000005,209813
2026-07-17T19:00:00+00:00,29441.790000000005,29449.040000000005,29299.040000000005,29344.410000000007,266162
2026-07-17T20:00:00+00:00,29344.410000000007,29344.640000000007,28581.79,28610.36,52735
2026-07-19T22:00:00+00:00,28610.36,28716.41,28577.54,28682.41,40841
2026-07-19T23:00:00+00:00,28682.41,28742.91,28648.86,28736.04,47986
2026-07-20T00:00:00+00:00,28736.04,28830.04,28673.54,28725.11,104607
2026-07-20T01:00:00+00:00,28725.11,28784.66,28630.41,28663.29,128013
2026-07-20T02:00:00+00:00,28663.29,28804.91,28660.54,28753.54,97677
2026-07-20T03:00:00+00:00,28753.54,28804.41,28717.66,28764.29,81089
2026-07-20T04:00:00+00:00,28764.29,28808.91,28711.29,28763.66,67660
2026-07-20T05:00:00+00:00,28763.66,28769.41,28656.41,28673.91,76169
2026-07-20T06:00:00+00:00,28673.91,28689.91,28633.16,28671.66,68546
2026-07-20T07:00:00+00:00,28671.66,28792.41,28665.11,28776.41,81223
2026-07-20T08:00:00+00:00,28776.41,28806.41,28727.66,28747.91,63588
2026-07-20T09:00:00+00:00,28747.91,28865.04,28722.54,28819.16,51338
2026-07-20T10:00:00+00:00,28819.16,28846.41,28788.29,28836.54,48015
2026-07-20T11:00:00+00:00,28836.54,28975.29,28831.16,28939.91,82460
2026-07-20T12:00:00+00:00,28939.91,28942.91,28849.16,28891.29,83135
2026-07-20T13:00:00+00:00,28891.29,29058.81,28848.31,28862.94,264483
2026-07-20T14:00:00+00:00,28862.94,28916.81,28743.19,28759.56,429986
2026-07-20T15:00:00+00:00,28759.56,28931.69,28740.69,28918.56,276982
2026-07-20T16:00:00+00:00,28918.56,28985.94,28823.44,28850.69,186356
2026-07-20T17:00:00+00:00,28850.69,28866.44,28768.44,28823.94,162220
2026-07-20T18:00:00+00:00,28823.94,28877.06,28723.31,28737.81,161394
2026-07-20T19:00:00+00:00,28737.81,28763.06,28635.69,28651.19,208528
2026-07-20T20:00:00+00:00,28651.19,28696.66,28617.79,28643.86,37384
2026-07-20T22:00:00+00:00,28643.86,28669.55,28571.12,28586.3,21018
2026-07-20T23:00:00+00:00,28586.3,28697.17,28581.8,28649.17,34113
2026-07-21T00:00:00+00:00,28649.17,28766.05,28576.17,28727.17,109952
2026-07-21T01:00:00+00:00,28727.17,28790.42,28706.92,28752.55,76661
2026-07-21T02:00:00+00:00,28752.55,28825.67,28729.05,28823.8,55561
2026-07-21T03:00:00+00:00,28823.8,28946.92,28821.55,28941.55,36117
2026-07-21T04:00:00+00:00,28941.55,28958.17,28918.3,28924.8,30706
2026-07-21T05:00:00+00:00,28924.8,28973.8,28886.42,28967.92,43004
2026-07-21T06:00:00+00:00,28967.92,29024.42,28965.3,29016.05,40847
2026-07-21T07:00:00+00:00,29016.05,29029.42,28957.42,28987.67,47885
2026-07-21T08:00:00+00:00,28987.67,29045.55,28973.87,29036.8,39995
2026-07-21T09:00:00+00:00,29036.8,29064.92,29020.8,29023.92,32165
2026-07-21T10:00:00+00:00,29023.92,29072.17,29023.92,29036.3,38154
2026-07-21T11:00:00+00:00,29036.3,29053.05,28990.55,29022.42,42274
2026-07-21T12:00:00+00:00,29022.42,29063.92,28981.55,29042.42,67336
2026-07-21T13:00:00+00:00,29042.42,29114.45,28962.7,29021.45,316091
2026-07-21T14:00:00+00:00,29021.45,29124.7,28934.95,29107.45,330408
2026-07-21T15:00:00+00:00,29107.45,29189.32,29051.7,29129.45,142907
2026-07-21T16:00:00+00:00,29129.45,29221.07,29124.45,29201.45,92388
2026-07-21T17:00:00+00:00,29201.45,29232.32,29193.07,29211.45,79370
2026-07-21T18:00:00+00:00,29211.45,29231.07,29180.82,29197.82,72223
2026-07-21T19:00:00+00:00,29197.82,29219.07,29160.82,29182.2,103177
2026-07-21T20:00:00+00:00,29182.2,29185.55,29148.8,29159.12,29746
2026-07-21T22:00:00+00:00,29159.12,29178.23,29120.98,29141.98,22799
2026-07-21T23:00:00+00:00,29141.98,29171.85,29129.6,29165.85,26772
2026-07-22T00:00:00+00:00,29165.85,29204.23,29127.48,29156.48,84390
2026-07-22T01:00:00+00:00,29156.48,29172.98,29100.48,29144.6,61163
2026-07-22T02:00:00+00:00,29144.6,29152.1,29097.23,29107.23,55553
2026-07-22T03:00:00+00:00,29107.23,29134.85,29058.35,29067.35,51116
2026-07-22T04:00:00+00:00,29067.35,29106.35,29056.1,29089.35,41828
2026-07-22T05:00:00+00:00,29089.35,29092.98,29008.73,29040.73,66847
2026-07-22T06:00:00+00:00,29040.73,29040.98,28928.1,28960.1,53775
2026-07-22T07:00:00+00:00,28960.1,28991.73,28894.48,28924.48,64529
2026-07-22T08:00:00+00:00,28924.48,28985.35,28908.73,28978.1,65562
2026-07-22T09:00:00+00:00,28978.1,29017.35,28957.6,28995.48,49521
2026-07-22T10:00:00+00:00,28995.48,29040.98,28981.48,29022.48,52590
2026-07-22T11:00:00+00:00,29022.48,29032.48,28886.1,28922.48,64350
2026-07-22T12:00:00+00:00,28922.48,28939.23,28830.55,28884.98,72784
2026-07-22T13:00:00+00:00,28884.98,29144.88,28884.98,29144,254005
2026-07-22T14:00:00+00:00,29144,29151.38,29042.88,29108.5,318333
2026-07-22T15:00:00+00:00,29108.5,29210.13,29108.5,29198,160706
2026-07-22T16:00:00+00:00,29198,29203,29145.38,29178.75,99342
2026-07-22T17:00:00+00:00,29178.75,29199,29102.88,29112.38,92414
2026-07-22T18:00:00+00:00,29112.38,29138.5,29076.38,29113.75,94838
2026-07-22T19:00:00+00:00,29113.75,29127.25,29027.13,29027.13,115946
2026-07-22T20:00:00+00:00,29027.13,29126.98,28987.3,29034.3,68755
2026-07-22T22:00:00+00:00,29034.3,29034.3,28910.31,28942.93,32238
2026-07-22T23:00:00+00:00,28942.93,29013.93,28898.68,29013.43,29125
2026-07-23T00:00:00+00:00,29013.43,29152.31,29003.68,29126.31,66850
2026-07-23T01:00:00+00:00,29126.31,29143.68,29046.68,29047.31,75545
2026-07-23T02:00:00+00:00,29047.31,29070.81,28929.93,28962.18,62135
2026-07-23T03:00:00+00:00,28962.18,28998.81,28901.31,28982.31,58188
2026-07-23T04:00:00+00:00,28982.31,29036.06,28938.68,28995.06,51973
2026-07-23T05:00:00+00:00,28995.06,29053.56,28950.18,28957.68,62228
2026-07-23T06:00:00+00:00,28957.68,28989.93,28947.43,28954.68,56506
2026-07-23T07:00:00+00:00,28954.68,28956.68,28792.93,28858.06,84312
2026-07-23T08:00:00+00:00,28858.06,28981.18,28829.68,28973.68,65171
2026-07-23T09:00:00+00:00,28973.68,29007.68,28916.18,28925.81,54627
2026-07-23T10:00:00+00:00,28925.81,28992.81,28907.68,28973.18,53285
2026-07-23T11:00:00+00:00,28973.18,28978.18,28784.43,28835.56,78961
2026-07-23T12:00:00+00:00,28835.56,28837.31,28627.43,28657.56,111335
2026-07-23T13:00:00+00:00,28657.56,28752.829999999998,28528.579999999998,28579.46,388018
2026-07-23T14:00:00+00:00,28579.46,28670.96,28448.829999999998,28468.579999999998,534487
2026-07-23T15:00:00+00:00,28468.579999999998,28474.96,28303.96,28459.079999999998,323638
2026-07-23T16:00:00+00:00,28459.079999999998,28608.96,28444.71,28512.329999999998,239633
2026-07-23T17:00:00+00:00,28512.329999999998,28547.329999999998,28437.21,28439.579999999998,247496
2026-07-23T18:00:00+00:00,28439.579999999998,28473.96,28396.579999999998,28421.21,175606
2026-07-23T19:00:00+00:00,28421.21,28503.829999999998,28357.46,28482.46,190448
2026-07-23T20:00:00+00:00,28482.46,28651.93,28482.46,28611.25,60848
2026-07-23T22:00:00+00:00,28611.25,28611.25,28499.73,28605.36,31201
2026-07-23T23:00:00+00:00,28605.36,28609.36,28534.11,28554.86,39519
2026-07-24T00:00:00+00:00,28554.86,28599.61,28491.36,28545.98,117280
2026-07-24T01:00:00+00:00,28545.98,28576.73,28486.61,28489.61,104788
2026-07-24T02:00:00+00:00,28489.61,28506.48,28391.98,28394.86,74073
2026-07-24T03:00:00+00:00,28394.86,28434.98,28356.73,28360.73,71765
2026-07-24T04:00:00+00:00,28360.73,28446.23,28342.36,28440.36,59097
2026-07-24T05:00:00+00:00,28440.36,28481.61,28419.48,28420.98,69976
2026-07-24T06:00:00+00:00,28420.98,28451.11,28357.11,28419.36,56841
2026-07-24T07:00:00+00:00,28419.36,28538.48,28415.61,28490.61,63173
2026-07-24T08:00:00+00:00,28490.61,28524.36,28432.36,28496.36,64036
2026-07-24T09:00:00+00:00,28496.36,28579.23,28486.98,28574.98,52216
2026-07-24T10:00:00+00:00,28574.98,28580.11,28508.61,28514.98,43122
2026-07-24T11:00:00+00:00,28514.98,28572.61,28477.23,28554.23,65384
2026-07-24T12:00:00+00:00,28554.23,28570.48,28463.73,28466.98,77039
2026-07-24T13:00:00+00:00,28466.98,28496.51,28189.63,28198.68,343518
2026-07-24T14:00:00+00:00,28198.68,28332.88,28130.51,28325.51,498129
2026-07-24T15:00:00+00:00,28325.51,28458.63,28231.13,28452.13,355512
2026-07-24T16:00:00+00:00,28452.13,28506.13,28337.51,28370.51,202313
2026-07-24T17:00:00+00:00,28370.51,28418.76,28303.51,28342.01,186956
2026-07-24T18:00:00+00:00,28342.01,28361.26,28134.88,28177.13,187742
2026-07-24T19:00:00+00:00,28177.13,28203.26,28088.76,28161.51,231429
2026-07-24T20:00:00+00:00,28161.51,28190.66,28135.18,28168.24,40969
2026-07-26T22:00:00+00:00,28168.24,28548.08,28168.24,28482.510000000002,33555
2026-07-26T23:00:00+00:00,28482.510000000002,28603.260000000002,28471.510000000002,28600.630000000005,33268
2026-07-27T00:00:00+00:00,28600.630000000005,28602.760000000002,28454.510000000002,28468.510000000002,57155
2026-07-27T01:00:00+00:00,28468.510000000002,28505.760000000002,28399.330000000005,28486.630000000005,70761
2026-07-27T02:00:00+00:00,28486.630000000005,28529.880000000005,28459.760000000002,28486.630000000005,64437
2026-07-27T03:00:00+00:00,28486.630000000005,28522.630000000005,28466.010000000002,28485.880000000005,61169
2026-07-27T04:00:00+00:00,28485.880000000005,28535.380000000005,28470.260000000002,28516.760000000002,57991
2026-07-27T05:00:00+00:00,28516.760000000002,28576.010000000002,28510.380000000005,28567.260000000002,51745
2026-07-27T06:00:00+00:00,28567.260000000002,28600.510000000002,28552.880000000005,28565.760000000002,49442
2026-07-27T07:00:00+00:00,28565.760000000002,28604.010000000002,28534.130000000005,28534.130000000005,62000
2026-07-27T08:00:00+00:00,28534.130000000005,28621.130000000005,28533.380000000005,28608.880000000005,61912
2026-07-27T09:00:00+00:00,28608.880000000005,28634.510000000002,28591.130000000005,28618.380000000005,40527
2026-07-27T10:00:00+00:00,28618.380000000005,28629.880000000005,28599.260000000002,28613.760000000002,35183
2026-07-27T11:00:00+00:00,28613.760000000002,28616.510000000002,28520.760000000002,28545.260000000002,52953
2026-07-27T12:00:00+00:00,28545.260000000002,28569.630000000005,28501.880000000005,28563.010000000002,67556
2026-07-27T13:00:00+00:00,28563.010000000002,28571.510000000002,28214.910000000003,28220.030000000002,367427
2026-07-27T14:00:00+00:00,28220.030000000002,28243.660000000003,27812.530000000002,28042.910000000003,524829
2026-07-27T15:00:00+00:00,28042.910000000003,28070.160000000003,27853.410000000003,27935.030000000002,406262
2026-07-27T16:00:00+00:00,27935.030000000002,28073.280000000002,27900.780000000002,27919.530000000002,311127
2026-07-27T17:00:00+00:00,27919.530000000002,27978.410000000003,27860.030000000002,27977.530000000002,217263
2026-07-27T18:00:00+00:00,27977.530000000002,28063.660000000003,27893.030000000002,28060.910000000003,201204
2026-07-27T19:00:00+00:00,28060.910000000003,28126.910000000003,28028.660000000003,28065.160000000003,167459
2026-07-27T20:00:00+00:00,28065.160000000003,28103.130000000005,28041.630000000005,28082.700000000004,43027
2026-07-27T22:00:00+00:00,28082.700000000004,28101.860000000004,27999.610000000004,28007.230000000003,26887
2026-07-27T23:00:00+00:00,28007.230000000003,28051.980000000003,27980.230000000003,28037.480000000003,44048
2026-07-28T00:00:00+00:00,28037.480000000003,28068.860000000004,27931.110000000004,27945.860000000004,148729
2026-07-28T01:00:00+00:00,27945.860000000004,27971.110000000004,27844.110000000004,27895.230000000003,117792
2026-07-28T02:00:00+00:00,27895.230000000003,27904.610000000004,27826.110000000004,27866.980000000003,96525
2026-07-28T03:00:00+00:00,27866.980000000003,27945.110000000004,27807.610000000004,27923.110000000004,100988
2026-07-28T04:00:00+00:00,27923.110000000004,27923.110000000004,27826.110000000004,27830.360000000004,80763
2026-07-28T05:00:00+00:00,27830.360000000004,27857.480000000003,27746.360000000004,27755.110000000004,78190
2026-07-28T06:00:00+00:00,27755.110000000004,27831.480000000003,27714.230000000003,27821.230000000003,79947
2026-07-28T07:00:00+00:00,27821.230000000003,27862.480000000003,27782.980000000003,27807.730000000003,84555
2026-07-28T08:00:00+00:00,27807.730000000003,27925.360000000004,27754.730000000003,27868.360000000004,99056
2026-07-28T09:00:00+00:00,27868.360000000004,27890.610000000004,27816.730000000003,27831.230000000003,64889
2026-07-28T10:00:00+00:00,27831.230000000003,27853.730000000003,27779.980000000003,27818.480000000003,68872
2026-07-28T11:00:00+00:00,27818.480000000003,27847.860000000004,27724.360000000004,27837.610000000004,102323
2026-07-28T12:00:00+00:00,27837.610000000004,27906.610000000004,27823.730000000003,27868.230000000003,93737
2026-07-28T13:00:00+00:00,27868.230000000003,27902.730000000003,27519.510000000002,27537.680000000004,365741
2026-07-28T14:00:00+00:00,27537.680000000004,27764.380000000005,27479.880000000005,27676.510000000002,510661
2026-07-28T15:00:00+00:00,27676.510000000002,27936.630000000005,27642.880000000005,27922.260000000002,307991
2026-07-28T16:00:00+00:00,27922.260000000002,27953.510000000002,27829.510000000002,27932.010000000002,191651
2026-07-28T17:00:00+00:00,27932.010000000002,27940.010000000002,27800.510000000002,27847.510000000002,175625
2026-07-28T18:00:00+00:00,27847.510000000002,27873.760000000002,27789.010000000002,27847.510000000002,165750
2026-07-28T19:00:00+00:00,27847.510000000002,27897.760000000002,27788.260000000002,27796.380000000005,171996
2026-07-28T20:00:00+00:00,27796.380000000005,27865.110000000004,27758.930000000004,27835.310000000005,56062
2026-07-28T22:00:00+00:00,27835.310000000005,27893.570000000003,27637.200000000004,27637.200000000004,45719
2026-07-28T23:00:00+00:00,27637.200000000004,27983.950000000004,27614.770000000004,27982.070000000003,68511
2026-07-29T00:00:00+00:00,27982.070000000003,28053.520000000004,27881.200000000004,27890.070000000003,118904
2026-07-29T01:00:00+00:00,27890.070000000003,27920.820000000003,27664.570000000003,27667.020000000004,130348
2026-07-29T02:00:00+00:00,27667.020000000004,27791.320000000003,27651.320000000003,27719.570000000003,108724
2026-07-29T03:00:00+00:00,27719.570000000003,27760.950000000004,27582.320000000003,27596.950000000004,88436
2026-07-29T04:00:00+00:00,27596.950000000004,27638.820000000003,27521.070000000003,27636.700000000004,127301
2026-07-29T05:00:00+00:00,27636.700000000004,27733.320000000003,27616.450000000004,27674.950000000004,103482
2026-07-29T06:00:00+00:00,27674.950000000004,27821.450000000004,27616.950000000004,27809.320000000003,72311
2026-07-29T07:00:00+00:00,27809.320000000003,27841.450000000004,27771.320000000003,27786.950000000004,62746
2026-07-29T08:00:00+00:00,27786.950000000004,27818.320000000003,27699.950000000004,27783.200000000004,71734
2026-07-29T09:00:00+00:00,27783.200000000004,27940.200000000004,27780.820000000003,27898.950000000004,58075
2026-07-29T10:00:00+00:00,27898.950000000004,27924.450000000004,27812.200000000004,27828.570000000003,60080
2026-07-29T11:00:00+00:00,27828.570000000003,27903.570000000003,27814.950000000004,27883.320000000003,68200
2026-07-29T12:00:00+00:00,27883.320000000003,27887.070000000003,27725.820000000003,27789.320000000003,94290
2026-07-29T13:00:00+00:00,27789.320000000003,27875.970000000005,27549.350000000002,27612.850000000002,353169
2026-07-29T14:00:00+00:00,27612.850000000002,27706.970000000005,27393.220000000005,27480.970000000005,514431
2026-07-29T15:00:00+00:00,27480.970000000005,27536.850000000002,27346.470000000005,27398.350000000002,360368
2026-07-29T16:00:00+00:00,27398.350000000002,27484.350000000002,27290.850000000002,27484.350000000002,249857
2026-07-29T17:00:00+00:00,27484.350000000002,27629.850000000002,27478.970000000005,27596.020000000004,221562
2026-07-29T18:00:00+00:00,27596.020000000004,27976.720000000005,27590.470000000005,27937.970000000005,425807
2026-07-29T19:00:00+00:00,27937.970000000005,27979.220000000005,27200.220000000005,27212.770000000004,521616
2026-07-29T20:00:00+00:00,27212.770000000004,27240.520000000004,27087.950000000004,27139.900000000005,96887
2026-07-29T22:00:00+00:00,27139.900000000005,27377.390000000003,27101.890000000003,27340.320000000003,53491
2026-07-29T23:00:00+00:00,27340.320000000003,27448.440000000002,27336.390000000003,27411.940000000002,63144
2026-07-30T00:00:00+00:00,27411.940000000002,27499.320000000003,27363.940000000002,27436.570000000003,192002
2026-07-30T01:00:00+00:00,27436.570000000003,27585.940000000002,27425.320000000003,27540.820000000003,143401
2026-07-30T02:00:00+00:00,27540.820000000003,27576.820000000003,27429.320000000003,27431.320000000003,110084
2026-07-30T03:00:00+00:00,27431.320000000003,27466.320000000003,27361.570000000003,27420.690000000002,113502
2026-07-30T04:00:00+00:00,27420.690000000002,27433.320000000003,27325.070000000003,27337.070000000003,107752
2026-07-30T05:00:00+00:00,27337.070000000003,27435.690000000002,27311.320000000003,27377.940000000002,124010
2026-07-30T06:00:00+00:00,27377.940000000002,27395.820000000003,27306.940000000002,27325.070000000003,86198
2026-07-30T07:00:00+00:00,27325.070000000003,27411.070000000003,27243.570000000003,27283.890000000003,112092
2026-07-30T08:00:00+00:00,27283.890000000003,27409.190000000002,27227.940000000002,27367.690000000002,90220
2026-07-30T09:00:00+00:00,27367.690000000002,27468.190000000002,27353.440000000002,27399.070000000003,68293
2026-07-30T10:00:00+00:00,27399.070000000003,27530.190000000002,27371.320000000003,27500.690000000002,71400
2026-07-30T11:00:00+00:00,27500.690000000002,27627.570000000003,27495.640000000003,27607.320000000003,75211
2026-07-30T12:00:00+00:00,27607.320000000003,27702.190000000002,27578.820000000003,27688.690000000002,116003
2026-07-30T13:00:00+00:00,27688.690000000002,28036.590000000004,27677.190000000002,28034.720000000005,362482
2026-07-30T14:00:00+00:00,28034.720000000005,28127.840000000004,27906.970000000005,27954.090000000004,467417
2026-07-30T15:00:00+00:00,27954.090000000004,28018.840000000004,27880.340000000004,27962.340000000004,419324
2026-07-30T16:00:00+00:00,27962.340000000004,28075.220000000005,27940.720000000005,28009.470000000005,228032
2026-07-30T17:00:00+00:00,28009.470000000005,28089.970000000005,28009.470000000005,28060.970000000005,160264
2026-07-30T18:00:00+00:00,28060.970000000005,28087.840000000004,28032.220000000005,28064.090000000004,119810
2026-07-30T19:00:00+00:00,28064.090000000004,28180.340000000004,28064.090000000004,28106.970000000005,166958
2026-07-30T20:00:00+00:00,28106.970000000005,28282.890000000003,28088.890000000003,28215.640000000003,78874
2026-07-30T22:00:00+00:00,28215.640000000003,28292.060000000005,28187.510000000002,28273.190000000002,47522
2026-07-30T23:00:00+00:00,28273.190000000002,28324.440000000002,28241.190000000002,28302.310000000005,37261
2026-07-31T00:00:00+00:00,28302.310000000005,28402.940000000002,28276.690000000002,28401.310000000005,83554
2026-07-31T01:00:00+00:00,28401.310000000005,28450.810000000005,28334.810000000005,28356.060000000005,73586
2026-07-31T02:00:00+00:00,28356.060000000005,28378.060000000005,28269.060000000005,28311.440000000002,66472
2026-07-31T03:00:00+00:00,28311.440000000002,28356.690000000002,28277.190000000002,28337.310000000005,76612
2026-07-31T04:00:00+00:00,28337.310000000005,28435.560000000005,28302.310000000005,28428.690000000002,48417
2026-07-31T05:00:00+00:00,28428.690000000002,28469.690000000002,28417.940000000002,28465.190000000002,45016
2026-07-31T06:00:00+00:00,28465.190000000002,28490.190000000002,28329.690000000002,28365.190000000002,57101
2026-07-31T07:00:00+00:00,28365.190000000002,28462.560000000005,28334.810000000005,28452.810000000005,74830
2026-07-31T08:00:00+00:00,28452.810000000005,28489.810000000005,28403.690000000002,28481.810000000005,81671
2026-07-31T09:00:00+00:00,28481.810000000005,28519.560000000005,28409.190000000002,28410.190000000002,62082
2026-07-31T10:00:00+00:00,28410.190000000002,28468.690000000002,28399.010000000002,28443.560000000005,48918
2026-07-31T11:00:00+00:00,28443.560000000005,28504.560000000005,28401.810000000005,28432.940000000002,81531
2026-07-31T12:00:00+00:00,28432.940000000002,28434.440000000002,28312.310000000005,28347.560000000005,90064
2026-07-31T13:00:00+00:00,28347.560000000005,28604.840000000004,28176.460000000003,28236.510000000002,382852
2026-07-31T14:00:00+00:00,28236.510000000002,28268.260000000002,27960.210000000003,28186.960000000003,575748
2026-07-31T15:00:00+00:00,28186.960000000003,28221.210000000003,27995.460000000003,28153.590000000004,447212
2026-07-31T16:00:00+00:00,28153.590000000004,28269.090000000004,28125.590000000004,28246.590000000004,252131
2026-07-31T17:00:00+00:00,28246.590000000004,28382.090000000004,28240.090000000004,28307.960000000003,168298
2026-07-31T18:00:00+00:00,28307.960000000003,28341.210000000003,28275.460000000003,28313.460000000003,160982
2026-07-31T19:00:00+00:00,28313.460000000003,28402.840000000004,28265.710000000003,28282.340000000004,193910
2026-07-31T20:00:00+00:00,28282.340000000004,28312.060000000005,28220.560000000005,28267.390000000003,51854
2026-08-02T22:00:00+00:00,28267.390000000003,28534.77,28267.390000000003,28463.27,41074
2026-08-02T23:00:00+00:00,28463.27,28530.02,28438.89,28507.39,36411
2026-08-03T00:00:00+00:00,28507.39,28523.52,28432.14,28515.39,118544
2026-08-03T01:00:00+00:00,28515.39,28543.14,28458.64,28538.02,73659
2026-08-03T02:00:00+00:00,28538.02,28574.14,28525.14,28554.77,43580
2026-08-03T03:00:00+00:00,28554.77,28591.52,28534.52,28563.89,36708
2026-08-03T04:00:00+00:00,28563.89,28582.14,28542.39,28545.02,29067
2026-08-03T05:00:00+00:00,28545.02,28560.64,28511.64,28535.02,36242
2026-08-03T06:00:00+00:00,28535.02,28554.39,28469.77,28487.27,36580
2026-08-03T07:00:00+00:00,28487.27,28527.52,28452.39,28480.89,55880
2026-08-03T08:00:00+00:00,28480.89,28488.64,28366.52,28487.39,60516
2026-08-03T09:00:00+00:00,28487.39,28493.27,28415.02,28452.02,49225
2026-08-03T10:00:00+00:00,28452.02,28458.14,28383.14,28435.27,46399
2026-08-03T11:00:00+00:00,28435.27,28440.39,28297.64,28314.64,76283
2026-08-03T12:00:00+00:00,28314.64,28384.39,28277.02,28353.27,79756
2026-08-03T13:00:00+00:00,28353.27,28520.09,28208.67,28518.54,308812
2026-08-03T14:00:00+00:00,28518.54,28697.04,28425.17,28695.54,342405
2026-08-03T15:00:00+00:00,28695.54,28706.17,28618.29,28686.29,195566
2026-08-03T16:00:00+00:00,28686.29,28741.04,28684.29,28716.04,107392
2026-08-03T17:00:00+00:00,28716.04,28815.54,28708.42,28811.42,79013
2026-08-03T18:00:00+00:00,28811.42,28857.54,28777.42,28801.29,101991
2026-08-03T19:00:00+00:00,28801.29,28837.54,28760.42,28794.79,125468
2026-08-03T20:00:00+00:00,28794.79,28835.02,28772.64,28823.59,27916
2026-08-03T22:00:00+00:00,28823.59,28856.05,28812.87,28839.8,12183
2026-08-03T23:00:00+00:00,28839.8,28865.8,28825.3,28865.42,15230
2026-08-04T00:00:00+00:00,28865.42,28870.67,28759.3,28773.17,77352
2026-08-04T01:00:00+00:00,28773.17,28942.17,28726.17,28935.55,75079
2026-08-04T02:00:00+00:00,28935.55,28939.05,28837.67,28867.42,85244
2026-08-04T03:00:00+00:00,28867.42,28899.92,28826.92,28890.05,70908
2026-08-04T04:00:00+00:00,28890.05,28917.8,28862.8,28910.17,50854
2026-08-04T05:00:00+00:00,28910.17,28968.92,28873.42,28967.42,60835
2026-08-04T06:00:00+00:00,28967.42,28992.8,28937.17,28967.42,40989
2026-08-04T07:00:00+00:00,28967.42,29012.17,28932.8,28965.92,69810
2026-08-04T08:00:00+00:00,28965.92,29026.17,28933.05,28963.3,77627
2026-08-04T09:00:00+00:00,28963.3,28979.92,28902.05,28972.17,56556
2026-08-04T10:00:00+00:00,28972.17,29036.92,28961.3,29010.55,65176
2026-08-04T11:00:00+00:00,29010.55,29139.67,29008.92,29131.67,87926
2026-08-04T12:00:00+00:00,29131.67,29131.67,29082.8,29097.05,68254
2026-08-04T13:00:00+00:00,29097.05,29397.2,29086.05,29359.82,261152
2026-08-04T14:00:00+00:00,29359.82,29461.45,29329.2,29444.2,281270
2026-08-04T15:00:00+00:00,29444.2,29591.32,29440.07,29566.2,145996
2026-08-04T16:00:00+00:00,29566.2,29639.32,29556.57,29637.95,99156
2026-08-04T17:00:00+00:00,29637.95,29792.32,29634.82,29728.62,121160
2026-08-04T18:00:00+00:00,29728.62,29789.82,29703.12,29776.2,139043
2026-08-04T19:00:00+00:00,29776.2,29851.07,29743.45,29767.07,157960
2026-08-04T20:00:00+00:00,29767.07,29843.05,29656.37,29713.87,102568
2026-08-04T22:00:00+00:00,29713.87,29736.41,29667.23,29719.03,30501
2026-08-04T23:00:00+00:00,29719.03,29749.16,29696.03,29728.03,32719
2026-08-05T00:00:00+00:00,29728.03,29768.78,29705.91,29741.28,71301
2026-08-05T01:00:00+00:00,29741.28,29772.66,29691.03,29762.03,72094
2026-08-05T02:00:00+00:00,29762.03,29780.53,29735.28,29752.78,52808
2026-08-05T03:00:00+00:00,29752.78,29786.16,29749.03,29782.03,39049
2026-08-05T04:00:00+00:00,29782.03,29808.91,29752.28,29795.41,32346
2026-08-05T05:00:00+00:00,29795.41,29877.78,29787.41,29873.16,36055
2026-08-05T06:00:00+00:00,29873.16,29882.41,29818.03,29861.66,42799
2026-08-05T07:00:00+00:00,29861.66,29879.16,29777.78,29795.91,58163
2026-08-05T08:00:00+00:00,29795.91,29817.91,29691.28,29729.53,72142
2026-08-05T09:00:00+00:00,29729.53,29786.28,29707.28,29750.66,52606
2026-08-05T10:00:00+00:00,29750.66,29763.78,29726.66,29756.28,47652
2026-08-05T11:00:00+00:00,29756.28,29835.66,29756.28,29812.03,61703
2026-08-05T12:00:00+00:00,29812.03,29838.91,29785.41,29807.78,73541
2026-08-05T13:00:00+00:00,29807.78,29964.68,29788.91,29942.93,358519
2026-08-05T14:00:00+00:00,29942.93,29942.93,29683.18,29740.81,535506
2026-08-05T15:00:00+00:00,29740.81,29783.18,29608.43,29631.43,310557
2026-08-05T16:00:00+00:00,29631.43,29732.31,29595.31,29702.31,249623
2026-08-05T17:00:00+00:00,29702.31,29712.06,29628.56,29649.81,175283
2026-08-05T18:00:00+00:00,29649.81,29678.18,29617.18,29619.31,120184
2026-08-05T19:00:00+00:00,29619.31,29672.06,29486.68,29500.56,143907
2026-08-05T20:00:00+00:00,29500.56,29510.66,29424.23,29485.86,62948
2026-08-05T22:00:00+00:00,29485.86,29574.94,29460.26,29518.94,28620
2026-08-05T23:00:00+00:00,29518.94,29545.81,29463.69,29480.44,31962
2026-08-06T00:00:00+00:00,29480.44,29505.06,29432.56,29435.69,102298
2026-08-06T01:00:00+00:00,29435.69,29436.94,29351.56,29395.06,95710
2026-08-06T02:00:00+00:00,29395.06,29517.44,29386.81,29490.31,72509
2026-08-06T03:00:00+00:00,29490.31,29505.56,29422.56,29477.94,67403
2026-08-06T04:00:00+00:00,29477.94,29497.06,29432.81,29472.06,61883
2026-08-06T05:00:00+00:00,29472.06,29493.06,29442.06,29475.94,73740
2026-08-06T06:00:00+00:00,29475.94,29477.19,29382.44,29418.19,60406
2026-08-06T07:00:00+00:00,29418.19,29459.56,29398.06,29403.44,67723
2026-08-06T08:00:00+00:00,29403.44,29429.31,29341.31,29414.69,79271
2026-08-06T09:00:00+00:00,29414.69,29426.94,29334.81,29423.31,55371
2026-08-06T10:00:00+00:00,29423.31,29430.56,29364.56,29381.81,45597
2026-08-06T11:00:00+00:00,29381.81,29411.69,29262.19,29363.44,91292
2026-08-06T12:00:00+00:00,29363.44,29371.94,29285.56,29297.19,84737
2026-08-06T13:00:00+00:00,29297.19,29446.96,29138.96,29424.71,373985
2026-08-06T14:00:00+00:00,29424.71,29563.34,29385.59,29554.21,441694
2026-08-06T15:00:00+00:00,29554.21,29583.21,29403.34,29412.34,347866
2026-08-06T16:00:00+00:00,29412.34,29454.84,29346.84,29454.09,273582
2026-08-06T17:00:00+00:00,29454.09,29471.09,29390.96,29425.71,177634
2026-08-06T18:00:00+00:00,29425.71,29472.59,29396.71,29411.96,142039
2026-08-06T19:00:00+00:00,29411.96,29467.21,29372.59,29394.71,161310
2026-08-06T20:00:00+00:00,29394.71,29447.69,29378.06,29400.88,49157
2026-08-06T22:00:00+00:00,29400.88,29478.63,29394.83,29465.51,19486
2026-08-06T23:00:00+00:00,29465.51,29502.01,29454.88,29494.88,25257
2026-08-07T00:00:00+00:00,29494.88,29518.88,29398.26,29461.63,98767
2026-08-07T01:00:00+00:00,29461.63,29481.63,29383.63,29426.63,102977
2026-08-07T02:00:00+00:00,29426.63,29448.38,29376.38,29426.51,67044
2026-08-07T03:00:00+00:00,29426.51,29446.76,29385.63,29388.38,50300
2026-08-07T04:00:00+00:00,29388.38,29424.63,29356.26,29409.76,49235
2026-08-07T05:00:00+00:00,29409.76,29456.63,29405.76,29422.88,47490
2026-08-07T06:00:00+00:00,29422.88,29483.51,29420.63,29452.88,41492
2026-08-07T07:00:00+00:00,29452.88,29492.51,29432.26,29483.88,51089
2026-08-07T08:00:00+00:00,29483.88,29547.13,29483.51,29533.01,48712
2026-08-07T09:00:00+00:00,29533.01,29549.38,29516.63,29517.88,39636
2026-08-07T10:00:00+00:00,29517.88,29528.13,29492.51,29507.38,36306
2026-08-07T11:00:00+00:00,29507.38,29569.63,29507.38,29514.51,45539
2026-08-07T12:00:00+00:00,29514.51,29767.13,29505.26,29743.76,99792
2026-08-07T13:00:00+00:00,29743.76,29750.51,29544.91,29579.91,403269
2026-08-07T14:00:00+00:00,29579.91,29679.41,29465.16,29621.16,510451
2026-08-07T15:00:00+00:00,29621.16,29755.03,29610.53,29714.28,227232
2026-08-07T16:00:00+00:00,29714.28,29730.28,29572.41,29640.16,205529
2026-08-07T17:00:00+00:00,29640.16,29668.41,29627.53,29644.03,126232
2026-08-07T18:00:00+00:00,29644.03,29654.78,29578.649999999998,29626.03,102862
2026-08-07T19:00:00+00:00,29626.03,29761.399999999998,29625.45,29736.149999999998,142540
2026-08-07T20:00:00+00:00,29736.149999999998,29751.379999999997,29702.88,29714.710000000003,26583
2026-08-09T22:00:00+00:00,29714.710000000003,29801.18,29711.13,29749.68,37765
2026-08-09T23:00:00+00:00,29749.68,29786.93,29733.81,29735.18,32772
2026-08-10T00:00:00+00:00,29735.18,29811.31,29694.63,29707.93,88862
2026-08-10T01:00:00+00:00,29707.93,29800.06,29697.13,29790.31,78785
2026-08-10T02:00:00+00:00,29790.31,29804.68,29754.06,29786.68,47318
2026-08-10T03:00:00+00:00,29786.68,29804.18,29774.31,29783.68,40742
2026-08-10T04:00:00+00:00,29783.68,29809.43,29770.31,29787.06,33888
2026-08-10T05:00:00+00:00,29787.06,29836.06,29786.06,29834.93,33078
2026-08-10T06:00:00+00:00,29834.93,29867.68,29811.81,29814.31,36860
2026-08-10T07:00:00+00:00,29814.31,29889.56,29792.18,29858.56,48757
2026-08-10T08:00:00+00:00,29858.56,29886.43,29844.93,29877.06,47290
2026-08-10T09:00:00+00:00,29877.06,29889.06,29841.31,29843.93,33275
2026-08-10T10:00:00+00:00,29843.93,29864.31,29814.68,29817.68,41240
2026-08-10T11:00:00+00:00,29817.68,29831.31,29751.31,29776.93,71355
2026-08-10T12:00:00+00:00,29776.93,29789.06,29677.31,29683.06,76232
2026-08-10T13:00:00+00:00,29683.06,29746.83,29624.83,29712.460000000003,360551
2026-08-10T14:00:00+00:00,29712.460000000003,29805.710000000003,29683.58,29685.210000000003,304277
2026-08-10T15:00:00+00:00,29685.210000000003,29760.33,29646.83,29749.960000000003,206743
2026-08-10T16:00:00+00:00,29749.960000000003,29764.58,29636.210000000003,29685.58,168116
2026-08-10T17:00:00+00:00,29685.58,29717.08,29650.460000000003,29665.08,101871
2026-08-10T18:00:00+00:00,29665.08,29690.33,29648.08,29688.33,78131
2026-08-10T19:00:00+00:00,29688.33,29701.83,29628.460000000003,29649.960000000003,96140
2026-08-10T20:00:00+00:00,29649.960000000003,29675.31,29642.68,29670.260000000002,25281
2026-08-10T22:00:00+00:00,29670.260000000002,29697.07,29631.57,29641.57,19478
2026-08-10T23:00:00+00:00,29641.57,29643.45,29586.57,29612.07,24723
2026-08-11T00:00:00+00:00,29612.07,29702.57,29575.2,29693.95,65799
2026-08-11T01:00:00+00:00,29693.95,29751.2,29673.32,29727.32,65460
2026-08-11T02:00:00+00:00,29727.32,29752.95,29721.32,29727.2,42206
2026-08-11T03:00:00+00:00,29727.2,29756.2,29723.82,29740.82,32863
2026-08-11T04:00:00+00:00,29740.82,29770.45,29740.82,29747.95,30129
2026-08-11T05:00:00+00:00,29747.95,29762.95,29697.02,29701.82,41766
2026-08-11T06:00:00+00:00,29701.82,29736.2,29641.32,29663.82,47377
2026-08-11T07:00:00+00:00,29663.82,29689.07,29637.2,29683.32,62318
2026-08-11T08:00:00+00:00,29683.32,29713.07,29626.7,29657.7,63193
2026-08-11T09:00:00+00:00,29657.7,29692.45,29627.32,29678.07,45704
2026-08-11T10:00:00+00:00,29678.07,29741.95,29659.32,29726.32,42397
2026-08-11T11:00:00+00:00,29726.32,29795.57,29720.07,29740.95,75448
2026-08-11T12:00:00+00:00,29740.95,29780.07,29728.2,29741.32,57309
2026-08-11T13:00:00+00:00,29741.32,29759.95,29541.27,29642.600000000002,315299
2026-08-11T14:00:00+00:00,29642.600000000002,29713.97,29628.100000000002,29685.47,284263
2026-08-11T15:00:00+00:00,29685.47,29701.350000000002,29568.47,29572.22,188587
2026-08-11T16:00:00+00:00,29572.22,29590.850000000002,29524.27,29535.350000000002,116548
2026-08-11T17:00:00+00:00,29535.350000000002,29549.97,29481.97,29538.22,99048
2026-08-11T18:00:00+00:00,29538.22,29544.47,29442.600000000002,29491.850000000002,108354
2026-08-11T19:00:00+00:00,29491.850000000002,29569.47,29480.72,29544.600000000002,111007
2026-08-11T20:00:00+00:00,29544.600000000002,29585.7,29523.7,29556.02,31675
2026-08-11T22:00:00+00:00,29556.02,29577.480000000003,29539.43,29561.980000000003,16565
2026-08-11T23:00:00+00:00,29561.980000000003,29574.61,29546.36,29574.11,20134
2026-08-12T00:00:00+00:00,29574.11,29591.61,29536.980000000003,29578.730000000003,83054
2026-08-12T01:00:00+00:00,29578.730000000003,29595.36,29551.480000000003,29570.86,62949
2026-08-12T02:00:00+00:00,29570.86,29614.980000000003,29561.730000000003,29614.36,35781
2026-08-12T03:00:00+00:00,29614.36,29621.86,29597.11,29606.730000000003,33648
2026-08-12T04:00:00+00:00,29606.730000000003,29627.61,29595.36,29625.61,24153
2026-08-12T05:00:00+00:00,29625.61,29629.86,29580.480000000003,29627.36,35362
2026-08-12T06:00:00+00:00,29627.36,29648.980000000003,29609.61,29648.36,35468
2026-08-12T07:00:00+00:00,29648.36,29666.480000000003,29639.730000000003,29662.980000000003,36787
2026-08-12T08:00:00+00:00,29662.980000000003,29711.230000000003,29659.730000000003,29706.11,41264
2026-08-12T09:00:00+00:00,29706.11,29760.730000000003,29705.230000000003,29727.980000000003,50545
2026-08-12T10:00:00+00:00,29727.980000000003,29757.11,29698.18,29727.230000000003,42153
2026-08-12T11:00:00+00:00,29727.230000000003,29758.230000000003,29717.480000000003,29757.61,45354
2026-08-12T12:00:00+00:00,29757.61,29870.18,29662.93,29831.480000000003,110526
2026-08-12T13:00:00+00:00,29831.480000000003,29913.63,29765.88,29819.63,338360
2026-08-12T14:00:00+00:00,29819.63,29857.760000000002,29740.88,29779.760000000002,335865
2026-08-12T15:00:00+00:00,29779.760000000002,29803.88,29731.13,29744.510000000002,194713
2026-08-12T16:00:00+00:00,29744.510000000002,29830.13,29741.510000000002,29817.760000000002,97431
2026-08-12T17:00:00+00:00,29817.760000000002,29836.63,29801.88,29822.63,73828
2026-08-12T18:00:00+00:00,29822.63,29844.13,29797.38,29802.5,66509.09732396773
2026-08-12T19:00:00+00:00,29802.5,29816.75,29738.13,29764.75,101136
2026-08-12T20:00:00+00:00,29764.75,29817.850000000002,29716.350000000002,29718.93,39654
2026-08-12T22:00:00+00:00,29718.93,29743.850000000002,29692.8,29711.53,19745
2026-08-12T23:00:00+00:00,29711.53,29728.65,29706.4,29718.9,19632
2026-08-13T00:00:00+00:00,29718.9,29780.15,29710.53,29760.28,59416
2026-08-13T01:00:00+00:00,29760.28,29779.4,29722.03,29771.03,49675
2026-08-13T02:00:00+00:00,29771.03,29791.15,29747.65,29782.78,32400
2026-08-13T03:00:00+00:00,29782.78,29793.78,29779.4,29792.53,22080
2026-08-13T04:00:00+00:00,29792.53,29809.53,29767.9,29793.15,27129
2026-08-13T05:00:00+00:00,29793.15,29837.4,29788.4,29797.9,28544
2026-08-13T06:00:00+00:00,29797.9,29819.15,29772.600000000002,29802.15,35630
2026-08-13T07:00:00+00:00,29802.15,29807.28,29759.15,29774.15,38935
2026-08-13T08:00:00+00:00,29774.15,29789.15,29741.53,29774.9,49985
2026-08-13T09:00:00+00:00,29774.9,29793.4,29734.9,29790.65,31158
2026-08-13T10:00:00+00:00,29790.65,29800.15,29776.9,29794.53,27371
2026-08-13T11:00:00+00:00,29794.53,29808.65,29769.65,29782.53,39225
2026-08-13T12:00:00+00:00,29782.53,29802.600000000002,29726.600000000002,29794.28,77004
2026-08-13T13:00:00+00:00,29794.28,30095.18,29777.8,30090.3,241999
2026-08-13T14:00:00+00:00,30090.3,30181.3,30070.3,30113.8,199898
2026-08-13T15:00:00+00:00,30113.8,30152.93,30018.8,30029.3,218979
2026-08-13T16:00:00+00:00,30029.3,30117.55,30028.55,30107.8,109217
2026-08-13T17:00:00+00:00,30107.8,30164.18,30106.93,30118.8,70198
2026-08-13T18:00:00+00:00,30118.8,30160.18,30095.55,30158.3,74741
2026-08-13T19:00:00+00:00,30158.3,30187.05,30087.68,30108.55,105647
2026-08-13T20:00:00+00:00,30108.55,30133.03,30058.600000000002,30129.23,32435
2026-08-13T22:00:00+00:00,30129.23,30131.59,30100.66,30117.96,16858
2026-08-13T23:00:00+00:00,30117.96,30140.59,30104.34,30117.59,15847
2026-08-14T00:00:00+00:00,30117.59,30146.34,30081.21,30084.09,51477
2026-08-14T01:00:00+00:00,30084.09,30084.21,30038.84,30066.34,49635
2026-08-14T02:00:00+00:00,30066.34,30095.34,30064.09,30068.84,27816
2026-08-14T03:00:00+00:00,30068.84,30096.21,30065.09,30067.09,22468
2026-08-14T04:00:00+00:00,30067.09,30079.59,30052.59,30062.34,27005
2026-08-14T05:00:00+00:00,30062.34,30096.09,30042.46,30088.71,27247
2026-08-14T06:00:00+00:00,30088.71,30092.71,30062.41,30087.34,22212
2026-08-14T07:00:00+00:00,30087.34,30117.96,30085.84,30108.71,30457
2026-08-14T08:00:00+00:00,30108.71,30154.71,30101.84,30135.84,43494
2026-08-14T09:00:00+00:00,30135.84,30150.84,30121.71,30149.09,30512
2026-08-14T10:00:00+00:00,30149.09,30166.34,30136.96,30165.96,26257
2026-08-14T11:00:00+00:00,30165.96,30182.59,30151.84,30178.84,31308
2026-08-14T12:00:00+00:00,30178.84,30194.46,30123.34,30182.84,52918
2026-08-14T13:00:00+00:00,30182.84,30197.59,30084.74,30141.16,259477
2026-08-14T14:00:00+00:00,30141.16,30187.11,30037.86,30037.86,255742
2026-08-14T15:00:00+00:00,30037.86,30056.36,29943.99,29981.11,157648
2026-08-14T16:00:00+00:00,29981.11,30022.11,29965.49,29973.61,92854
2026-08-14T17:00:00+00:00,29973.61,29999.38,29962.99,29996.260000000002,77251.69241312973
2026-08-14T18:00:00+00:00,29996.260000000002,30018.760000000002,29977.63,30003.38,60864
2026-08-14T19:00:00+00:00,30003.38,30063.010000000002,29991.18,30059.63,76404
2026-08-14T20:00:00+00:00,30059.63,30067.48,30041.84,30056.79,18356
2026-08-16T22:00:00+00:00,30056.79,30134.2,30056.79,30129.08,15849
2026-08-16T23:00:00+00:00,30129.08,30150.95,30115.2,30138.58,14908
2026-08-17T00:00:00+00:00,30138.58,30150.33,30109.33,30124.83,35033
2026-08-17T01:00:00+00:00,30124.83,30162.2,30110.45,30115.33,38698
2026-08-17T02:00:00+00:00,30115.33,30154.2,30109.33,30146.08,22622
2026-08-17T03:00:00+00:00,30146.08,30169.95,30144.9,30169.83,17353
2026-08-17T04:00:00+00:00,30169.83,30177.45,30156.7,30158.45,12999
2026-08-17T05:00:00+00:00,30158.45,30197.45,30154.08,30195.83,18618
2026-08-17T06:00:00+00:00,30195.83,30250.2,30190.58,30247.95,22360
2026-08-17T07:00:00+00:00,30247.95,30254.95,30184.7,30236.08,38389
2026-08-17T08:00:00+00:00,30236.08,30251.08,30207.58,30221.45,46211
2026-08-17T09:00:00+00:00,30221.45,30226.2,30191.08,30204.95,36642
2026-08-17T10:00:00+00:00,30204.95,30262.95,30199.7,30238.33,43413
2026-08-17T11:00:00+00:00,30238.33,30248.7,30209.45,30209.83,38623
2026-08-17T12:00:00+00:00,30209.83,30212.08,30104.45,30125.58,66230
2026-08-17T13:00:00+00:00,30125.58,30189.730000000003,30089.350000000002,30158.600000000002,265356
2026-08-17T14:00:00+00:00,30158.600000000002,30169.730000000003,30079.4,30167.600000000002,205833
2026-08-17T15:00:00+00:00,30167.600000000002,30210.600000000002,30131.980000000003,30163.350000000002,111947
2026-08-17T16:00:00+00:00,30163.350000000002,30167.350000000002,30099.230000000003,30107.600000000002,76024
2026-08-17T17:00:00+00:00,30107.600000000002,30111.100000000002,30010.480000000003,30025.980000000003,106363
2026-08-17T18:00:00+00:00,30025.980000000003,30060.480000000003,30003.480000000003,30046.100000000002,74076
2026-08-17T19:00:00+00:00,30046.100000000002,30048.230000000003,29990.600000000002,30014.600000000002,88956
2026-08-17T20:00:00+00:00,30014.600000000002,30021.08,29978.45,30002.9,26864
2026-08-17T22:00:00+00:00,30002.9,30017.530000000002,29988.530000000002,30005.15,18758
2026-08-17T23:00:00+00:00,30005.15,30027.15,29996.280000000002,30020.780000000002,18939
2026-08-18T00:00:00+00:00,30020.780000000002,30047.280000000002,30009.780000000002,30024.9,37350
2026-08-18T01:00:00+00:00,30024.9,30035.9,29895.600000000002,29938.65,52283
2026-08-18T02:00:00+00:00,29938.65,29947.9,29806.530000000002,29834.780000000002,67292
2026-08-18T03:00:00+00:00,29834.780000000002,29841.780000000002,29779.280000000002,29819.4,54741
2026-08-18T04:00:00+00:00,29819.4,29853.15,29796.65,29843.65,39145
2026-08-18T05:00:00+00:00,29843.65,29844.9,29762.100000000002,29767.030000000002,37564
2026-08-18T06:00:00+00:00,29767.030000000002,29822.030000000002,29712.030000000002,29819.030000000002,50249
2026-08-18T07:00:00+00:00,29819.030000000002,29822.780000000002,29734.780000000002,29736.65,54155
2026-08-18T08:00:00+00:00,29736.65,29740.280000000002,29662.030000000002,29692.780000000002,73086
2026-08-18T09:00:00+00:00,29692.780000000002,29703.780000000002,29613.530000000002,29658.9,62868
2026-08-18T10:00:00+00:00,29658.9,29678.4,29630.100000000002,29664.65,44218
2026-08-18T11:00:00+00:00,29664.65,29701.530000000002,29653.530000000002,29673.9,52323
2026-08-18T12:00:00+00:00,29673.9,29711.65,29607.280000000002,29639.530000000002,54601
2026-08-18T13:00:00+00:00,29639.530000000002,29696.050000000003,29531.43,29573.43,335485
2026-08-18T14:00:00+00:00,29573.43,29632.300000000003,29462.93,29474.43,346965
2026-08-18T15:00:00+00:00,29474.43,29567.550000000003,29440.550000000003,29563.050000000003,194544
2026-08-18T16:00:00+00:00,29563.050000000003,29597.550000000003,29530.300000000003,29576.050000000003,123544
2026-08-18T17:00:00+00:00,29576.050000000003,29587.550000000003,29491.93,29492.43,91479
2026-08-18T18:00:00+00:00,29492.43,29541.18,29473.68,29497.800000000003,83031
2026-08-18T19:00:00+00:00,29497.800000000003,29535.93,29485.93,29513.050000000003,102069
2026-08-18T20:00:00+00:00,29513.050000000003,29523.15,29476.4,29487.72,25405
2026-08-18T22:00:00+00:00,29487.72,29523.5,29447.63,29450,25874
2026-08-18T23:00:00+00:00,29450,29498,29445.63,29458.5,31616
2026-08-19T00:00:00+00:00,29458.5,29516.25,29369.45,29470.88,89111
2026-08-19T01:00:00+00:00,29470.88,29540,29460.88,29509,83797
2026-08-19T02:00:00+00:00,29509,29514,29445.2,29462,61397
2026-08-19T03:00:00+00:00,29462,29497.13,29446.88,29456.25,48931
2026-08-19T04:00:00+00:00,29456.25,29474,29394.38,29436.25,46523
2026-08-19T05:00:00+00:00,29436.25,29465.13,29377.25,29387.5,61914
2026-08-19T06:00:00+00:00,29387.5,29492,29361,29489.25,63130
2026-08-19T07:00:00+00:00,29489.25,29537,29451,29531.13,58948
2026-08-19T08:00:00+00:00,29531.13,29571.38,29522.75,29538.5,61488
2026-08-19T09:00:00+00:00,29538.5,29560.88,29466.88,29484.38,48412
2026-08-19T10:00:00+00:00,29484.38,29489.25,29440.88,29451.88,52463
2026-08-19T11:00:00+00:00,29451.88,29508.5,29437.38,29466.13,64227
2026-08-19T12:00:00+00:00,29466.13,29687.75,29441.88,29673.25,120475
2026-08-19T13:00:00+00:00,29673.25,29679,29338.780000000002,29427.780000000002,435801
2026-08-19T14:00:00+00:00,29427.780000000002,29555.280000000002,29307.030000000002,29554.280000000002,448698
2026-08-19T15:00:00+00:00,29554.280000000002,29561.530000000002,29481.4,29538.030000000002,213691
2026-08-19T16:00:00+00:00,29538.030000000002,29598.15,29483.780000000002,29490.65,131058
2026-08-19T17:00:00+00:00,29490.65,29503.530000000002,29441.15,29475.65,111574
2026-08-19T18:00:00+00:00,29475.65,29522.280000000002,29422.660000000003,29465.780000000002,137176
2026-08-19T19:00:00+00:00,29465.780000000002,29520.780000000002,29416.160000000003,29452.280000000002,134203
2026-08-19T20:00:00+00:00,29452.280000000002,29492.63,29444.760000000002,29490.710000000003,27226
2026-08-19T22:00:00+00:00,29490.710000000003,29583.750000000004,29484.320000000003,29579.620000000003,27261
2026-08-19T23:00:00+00:00,29579.620000000003,29617.32,29556.370000000003,29559,26903
2026-08-20T00:00:00+00:00,29559,29605,29512,29600.370000000003,86056
2026-08-20T01:00:00+00:00,29600.370000000003,29613.5,29554.370000000003,29572.75,89894
2026-08-20T02:00:00+00:00,29572.75,29612.370000000003,29540,29559.5,66095
2026-08-20T03:00:00+00:00,29559.5,29585.870000000003,29526.75,29547.620000000003,52020
2026-08-20T04:00:00+00:00,29547.620000000003,29585.120000000003,29538.120000000003,29547.370000000003,42581
2026-08-20T05:00:00+00:00,29547.370000000003,29570.370000000003,29518,29535.5,54607
2026-08-20T06:00:00+00:00,29535.5,29615.75,29533,29601.75,49473
2026-08-20T07:00:00+00:00,29601.75,29601.75,29522.870000000003,29523.870000000003,63461
2026-08-20T08:00:00+00:00,29523.870000000003,29534.370000000003,29386,29406.620000000003,94160
2026-08-20T09:00:00+00:00,29406.620000000003,29476.25,29396.75,29457.25,66971
2026-08-20T10:00:00+00:00,29457.25,29495.370000000003,29442.120000000003,29495.120000000003,60855
2026-08-20T11:00:00+00:00,29495.120000000003,29511.120000000003,29279,29290.370000000003,99624
2026-08-20T12:00:00+00:00,29290.370000000003,29304.120000000003,29171.5,29275.5,128344
2026-08-20T13:00:00+00:00,29275.5,29399.65,29240.4,29283.02,404187
2026-08-20T14:00:00+00:00,29283.02,29363.15,29238.4,29322.65,460674
2026-08-20T15:00:00+00:00,29322.65,29380.4,29200.02,29260.02,286488
2026-08-20T16:00:00+00:00,29260.02,29318.65,29232.77,29309.27,150187
2026-08-20T17:00:00+00:00,29309.27,29311.77,29213.02,29222.52,116916
2026-08-20T18:00:00+00:00,29222.52,29222.52,29133.02,29173.9,112999
2026-08-20T19:00:00+00:00,29173.9,29265.27,29172.52,29233.77,121475
2026-08-20T20:00:00+00:00,29233.77,29250.25,29193.870000000003,29247.45,33181
2026-08-20T22:00:00+00:00,29247.45,29274.190000000002,29204.32,29252.190000000002,23486
2026-08-20T23:00:00+00:00,29252.190000000002,29258.07,29216.57,29223.32,26788
2026-08-21T00:00:00+00:00,29223.32,29294.32,29221.07,29250.82,83280
2026-08-21T01:00:00+00:00,29250.82,29302.07,29222.190000000002,29283.07,77149
2026-08-21T02:00:00+00:00,29283.07,29328.82,29273.440000000002,29313.940000000002,45714
2026-08-21T03:00:00+00:00,29313.940000000002,29317.57,29272.57,29282.32,41859
2026-08-21T04:00:00+00:00,29282.32,29301.32,29251.07,29287.690000000002,37235
2026-08-21T05:00:00+00:00,29287.690000000002,29309.690000000002,29270.440000000002,29295.440000000002,39623
2026-08-21T06:00:00+00:00,29295.440000000002,29330.57,29284.690000000002,29316.32,41712
2026-08-21T07:00:00+00:00,29316.32,29385.440000000002,29310.07,29376.190000000002,46822
2026-08-21T08:00:00+00:00,29376.190000000002,29397.07,29320.940000000002,29382.82,58631
2026-08-21T09:00:00+00:00,29382.82,29420.940000000002,29341.940000000002,29414.940000000002,45198
2026-08-21T10:00:00+00:00,29414.940000000002,29444.940000000002,29399.940000000002,29409.190000000002,38068
2026-08-21T11:00:00+00:00,29409.190000000002,29467.57,29382.82,29429.82,62109
2026-08-21T12:00:00+00:00,29429.82,29461.690000000002,29408.57,29440.940000000002,52469
2026-08-21T13:00:00+00:00,29440.940000000002,29445.440000000002,29188.97,29233.72,278152
2026-08-21T14:00:00+00:00,29233.72,29264.09,29150.97,29261.97,343381
2026-08-21T15:00:00+00:00,29261.97,29418.09,29256.84,29374.47,165558
2026-08-21T16:00:00+00:00,29374.47,29382.09,29310.97,29342.09,126122
2026-08-21T17:00:00+00:00,29342.09,29353.59,29306.72,29313.59,90600
2026-08-21T18:00:00+00:00,29313.59,29335.09,29284.34,29330.09,68546
2026-08-21T19:00:00+00:00,29330.09,29361.97,29305.84,29325.59,84341
2026-08-21T20:00:00+00:00,29325.59,29326.690000000002,29297.69,29315.140000000003,21432
2026-08-23T22:00:00+00:00,29315.140000000003,29346.800000000003,29239,29328.18,34593
2026-08-23T23:00:00+00:00,29328.18,29418.300000000003,29322.550000000003,29405.300000000003,29557
2026-08-24T00:00:00+00:00,29405.300000000003,29410.050000000003,29273.800000000003,29363.930000000004,119782
2026-08-24T01:00:00+00:00,29363.930000000004,29385.550000000003,29259.300000000003,29260.300000000003,106024
2026-08-24T02:00:00+00:00,29260.300000000003,29315.550000000003,29239.550000000003,29308.680000000004,82778
2026-08-24T03:00:00+00:00,29308.680000000004,29309.930000000004,29203.750000000004,29209.680000000004,62223
2026-08-24T04:00:00+00:00,29209.680000000004,29241.300000000003,29201.930000000004,29204.180000000004,59571
2026-08-24T05:00:00+00:00,29204.180000000004,29234.800000000003,29133.930000000004,29137.800000000003,66209
2026-08-24T06:00:00+00:00,29137.800000000003,29156.680000000004,29063.680000000004,29101.550000000003,69595
2026-08-24T07:00:00+00:00,29101.550000000003,29150.550000000003,29070.430000000004,29083.930000000004,69516
2026-08-24T08:00:00+00:00,29083.930000000004,29177.680000000004,29055.050000000003,29152.430000000004,77131
2026-08-24T09:00:00+00:00,29152.430000000004,29187.430000000004,29139.300000000003,29169.800000000003,46831
2026-08-24T10:00:00+00:00,29169.800000000003,29184.550000000003,29117.930000000004,29122.800000000003,47478
2026-08-24T11:00:00+00:00,29122.800000000003,29220.680000000004,29084.180000000004,29185.180000000004,93003
2026-08-24T12:00:00+00:00,29185.180000000004,29185.180000000004,29113.250000000004,29143.680000000004,78372
2026-08-24T13:00:00+00:00,29143.680000000004,29181.580000000005,28886.830000000005,28960.830000000005,341855
2026-08-24T14:00:00+00:00,28960.830000000005,29048.580000000005,28892.580000000005,29021.580000000005,287372
2026-08-24T15:00:00+00:00,29021.580000000005,29142.700000000004,28978.580000000005,29107.200000000004,167833
2026-08-24T16:00:00+00:00,29107.200000000004,29162.450000000004,29095.580000000005,29108.950000000004,118681
2026-08-24T17:00:00+00:00,29108.950000000004,29148.580000000005,29054.950000000004,29061.830000000005,113394
2026-08-24T18:00:00+00:00,29061.830000000005,29171.450000000004,29061.700000000004,29092.700000000004,92242
2026-08-24T19:00:00+00:00,29092.700000000004,29110.700000000004,29035.200000000004,29037.950000000004,92396
2026-08-24T20:00:00+00:00,29037.950000000004,29073.300000000003,29019.180000000004,29067.630000000005,25043
2026-08-24T22:00:00+00:00,29067.630000000005,29090.470000000005,29053.650000000005,29062.520000000004,17799
2026-08-24T23:00:00+00:00,29062.520000000004,29069.520000000004,29014.270000000004,29037.650000000005,31320
2026-08-25T00:00:00+00:00,29037.650000000005,29086.270000000004,28959.270000000004,29068.770000000004,121684
2026-08-25T01:00:00+00:00,29068.770000000004,29097.020000000004,29037.770000000004,29067.900000000005,127492
2026-08-25T02:00:00+00:00,29067.900000000005,29109.650000000005,29035.400000000005,29044.020000000004,90653
2026-08-25T03:00:00+00:00,29044.020000000004,29131.400000000005,29042.400000000005,29106.150000000005,74169
2026-08-25T04:00:00+00:00,29106.150000000005,29158.150000000005,29101.020000000004,29141.770000000004,61283
2026-08-25T05:00:00+00:00,29141.770000000004,29182.650000000005,29131.520000000004,29173.900000000005,67908
2026-08-25T06:00:00+00:00,29173.900000000005,29229.150000000005,29172.020000000004,29204.900000000005,55984
2026-08-25T07:00:00+00:00,29204.900000000005,29231.650000000005,29168.650000000005,29174.400000000005,71689
2026-08-25T08:00:00+00:00,29174.400000000005,29265.900000000005,29154.520000000004,29243.650000000005,105020
2026-08-25T09:00:00+00:00,29243.650000000005,29358.020000000004,29228.400000000005,29332.770000000004,85654
2026-08-25T10:00:00+00:00,29332.770000000004,29352.400000000005,29288.020000000004,29300.770000000004,57477
2026-08-25T11:00:00+00:00,29300.770000000004,29333.770000000004,29247.900000000005,29316.520000000004,67895
2026-08-25T12:00:00+00:00,29316.520000000004,29344.390000000003,29249.140000000003,29270.260000000002,73217
2026-08-25T13:00:00+00:00,29270.260000000002,29351.16,29218.04,29249.41,348521
2026-08-25T14:00:00+00:00,29249.41,29252.16,29095.960000000003,29168.41,354122
2026-08-25T15:00:00+00:00,29168.41,29244.41,29135.16,29199.66,181277
2026-08-25T16:00:00+00:00,29199.66,29236.16,29189.79,29212.16,97732
2026-08-25T17:00:00+00:00,29212.16,29215.16,29151.91,29163.91,86967
2026-08-25T18:00:00+00:00,29163.91,29216.41,29139.66,29198.04,76838
2026-08-25T19:00:00+00:00,29198.04,29231.54,29154.66,29213.29,98164
2026-08-25T20:00:00+00:00,29213.29,29254.890000000003,29205.010000000002,29229.340000000004,36344
2026-08-25T22:00:00+00:00,29229.340000000004,29253.530000000006,29225.150000000005,29228.400000000005,14959
2026-08-25T23:00:00+00:00,29228.400000000005,29232.150000000005,29151.530000000006,29155.400000000005,20629
2026-08-26T00:00:00+00:00,29155.400000000005,29182.650000000005,29055.150000000005,29056.780000000006,79940
2026-08-26T01:00:00+00:00,29056.780000000006,29091.780000000006,29040.780000000006,29077.280000000006,63917
2026-08-26T02:00:00+00:00,29077.280000000006,29174.030000000006,29063.650000000005,29165.150000000005,41049
2026-08-26T03:00:00+00:00,29165.150000000005,29219.150000000005,29149.650000000005,29209.150000000005,35750
2026-08-26T04:00:00+00:00,29209.150000000005,29225.280000000006,29161.530000000006,29172.650000000005,31248
2026-08-26T05:00:00+00:00,29172.650000000005,29205.780000000006,29170.530000000006,29186.030000000006,49359
2026-08-26T06:00:00+00:00,29186.030000000006,29220.030000000006,29148.280000000006,29196.150000000005,46421
2026-08-26T07:00:00+00:00,29196.150000000005,29201.650000000005,29131.030000000006,29156.900000000005,59187
2026-08-26T08:00:00+00:00,29156.900000000005,29194.280000000006,29133.150000000005,29172.400000000005,59625
2026-08-26T09:00:00+00:00,29172.400000000005,29181.030000000006,29135.900000000005,29178.400000000005,39565
2026-08-26T10:00:00+00:00,29178.400000000005,29186.150000000005,29133.150000000005,29181.030000000006,35473
2026-08-26T11:00:00+00:00,29181.030000000006,29222.280000000006,29131.280000000006,29163.400000000005,58816
2026-08-26T12:00:00+00:00,29163.400000000005,29206.280000000006,29078.530000000006,29095.150000000005,106804
2026-08-26T13:00:00+00:00,29095.150000000005,29277.050000000007,29079.280000000006,29276.800000000007,317250
2026-08-26T14:00:00+00:00,29276.800000000007,29276.800000000007,29101.300000000007,29197.300000000007,224578
2026-08-26T15:00:00+00:00,29197.300000000007,29235.550000000007,29160.430000000004,29162.180000000004,138063
2026-08-26T16:00:00+00:00,29162.180000000004,29170.180000000008,29116.680000000008,29163.430000000008,95775
2026-08-26T17:00:00+00:00,29163.430000000008,29239.180000000008,29156.930000000008,29230.560000000005,69852
2026-08-26T18:00:00+00:00,29230.560000000005,29275.05000000001,29211.180000000008,29267.180000000008,62860
2026-08-26T19:00:00+00:00,29267.180000000008,29313.930000000008,29226.80000000001,29247.680000000008,97845
2026-08-26T20:00:00+00:00,29247.680000000008,29378.47000000001,29232.15000000001,29377.22000000001,71816
2026-08-26T22:00:00+00:00,29377.22000000001,29576.930000000008,29377.22000000001,29554.81000000001,41013
2026-08-26T23:00:00+00:00,29554.81000000001,29601.81000000001,29533.930000000008,29596.180000000008,30267
2026-08-27T00:00:00+00:00,29596.180000000008,29601.930000000008,29387.430000000008,29392.930000000008,95276
2026-08-27T01:00:00+00:00,29392.930000000008,29501.560000000012,29381.56000000001,29478.810000000012,78545
2026-08-27T02:00:00+00:00,29478.810000000012,29507.68000000001,29464.810000000012,29496.93000000001,52636
2026-08-27T03:00:00+00:00,29496.93000000001,29523.060000000012,29473.93000000001,29486.18000000001,40545
2026-08-27T04:00:00+00:00,29486.18000000001,29498.93000000001,29441.18000000001,29446.810000000012,44741
2026-08-27T05:00:00+00:00,29446.810000000012,29451.68000000001,29376.560000000012,29385.93000000001,57102
2026-08-27T06:00:00+00:00,29385.93000000001,29447.810000000012,29350.43000000001,29446.060000000012,49371
2026-08-27T07:00:00+00:00,29446.060000000012,29497.18000000001,29425.18000000001,29486.060000000012,56933
2026-08-27T08:00:00+00:00,29486.060000000012,29608.18000000001,29485.560000000012,29571.810000000012,77066
2026-08-27T09:00:00+00:00,29571.810000000012,29581.310000000012,29515.810000000012,29549.060000000012,66155
2026-08-27T10:00:00+00:00,29549.060000000012,29554.060000000012,29516.060000000012,29545.93000000001,56454
2026-08-27T11:00:00+00:00,29545.93000000001,29576.68000000001,29462.93000000001,29505.93000000001,78004
2026-08-27T12:00:00+00:00,29505.93000000001,29537.810000000012,29464.310000000012,29470.560000000012,66925
2026-08-27T13:00:00+00:00,29470.560000000012,29552.210000000014,29373.210000000014,29430.210000000014,423267
2026-08-27T14:00:00+00:00,29430.210000000014,29569.080000000013,29426.710000000014,29549.460000000014,383919
2026-08-27T15:00:00+00:00,29549.460000000014,29591.330000000013,29470.210000000014,29555.080000000013,183774
2026-08-27T16:00:00+00:00,29555.080000000013,29607.830000000013,29519.580000000013,29600.830000000013,111038
2026-08-27T17:00:00+00:00,29600.830000000013,29625.710000000014,29556.330000000013,29560.460000000014,94261
2026-08-27T18:00:00+00:00,29560.460000000014,29570.960000000014,29476.210000000014,29520.210000000014,132667
2026-08-27T19:00:00+00:00,29520.210000000014,29652.830000000013,29516.330000000013,29648.710000000014,117539
2026-08-27T20:00:00+00:00,29648.710000000014,29655.810000000012,29569.18000000001,29585.130000000012,33513
2026-08-27T22:00:00+00:00,29585.130000000012,29593.140000000014,29551.010000000013,29583.510000000013,20109
2026-08-27T23:00:00+00:00,29583.510000000013,29586.390000000014,29541.640000000014,29550.890000000014,21057
2026-08-28T00:00:00+00:00,29550.890000000014,29616.390000000014,29544.010000000013,29594.010000000013,72281
2026-08-28T01:00:00+00:00,29594.010000000013,29627.890000000014,29591.140000000014,29626.390000000014,58584
2026-08-28T02:00:00+00:00,29626.390000000014,29651.890000000014,29594.010000000013,29612.510000000013,34594
2026-08-28T03:00:00+00:00,29612.510000000013,29655.260000000013,29589.510000000013,29617.510000000013,36699
2026-08-28T04:00:00+00:00,29617.510000000013,29620.140000000014,29585.640000000014,29590.890000000014,34710
2026-08-28T05:00:00+00:00,29590.890000000014,29593.010000000013,29547.010000000013,29547.640000000014,38280
2026-08-28T06:00:00+00:00,29547.640000000014,29594.760000000013,29544.010000000013,29594.140000000014,43631
2026-08-28T07:00:00+00:00,29594.140000000014,29602.390000000014,29543.010000000013,29556.140000000014,56549
2026-08-28T08:00:00+00:00,29556.140000000014,29582.390000000014,29527.760000000013,29568.760000000013,56729
2026-08-28T09:00:00+00:00,29568.760000000013,29569.890000000014,29544.760000000013,29555.640000000014,42028
2026-08-28T10:00:00+00:00,29555.640000000014,29573.390000000014,29542.390000000014,29570.640000000014,39168
2026-08-28T11:00:00+00:00,29570.640000000014,29588.640000000014,29547.640000000014,29551.760000000013,45740
2026-08-28T12:00:00+00:00,29551.760000000013,29613.260000000013,29547.890000000014,29607.890000000014,52506
2026-08-28T13:00:00+00:00,29607.890000000014,29650.91000000001,29513.29000000001,29578.710000000014,278748
2026-08-28T14:00:00+00:00,29578.710000000014,29747.54000000001,29455.91000000001,29746.66000000001,498491
2026-08-28T15:00:00+00:00,29746.66000000001,29760.29000000001,29495.16000000001,29502.79000000001,298773
2026-08-28T16:00:00+00:00,29502.79000000001,29540.54000000001,29415.16000000001,29451.54000000001,336558
2026-08-28T17:00:00+00:00,29451.54000000001,29478.41000000001,29388.79000000001,29464.41000000001,225288
2026-08-28T18:00:00+00:00,29464.41000000001,29470.66000000001,29392.66000000001,29405.04000000001,146541
2026-08-28T19:00:00+00:00,29405.04000000001,29468.91000000001,29393.41000000001,29446.04000000001,146671
2026-08-28T20:00:00+00:00,29446.04000000001,29456.390000000014,29427.510000000013,29455.72,29058
2026-08-30T22:00:00+00:00,29455.72,29500.260000000002,29385.690000000002,29399.940000000002,37314
2026-08-30T23:00:00+00:00,29399.940000000002,29405.31,29246.56,29246.81,49629
2026-08-31T00:00:00+00:00,29246.81,29355.440000000002,29230.81,29314.56,75821
2026-08-31T01:00:00+00:00,29314.56,29315.31,29249.56,29281.190000000002,111369
2026-08-31T02:00:00+00:00,29281.190000000002,29319.56,29244.31,29301.31,71993
2026-08-31T03:00:00+00:00,29301.31,29324.31,29293.81,29308.81,39013
2026-08-31T04:00:00+00:00,29308.81,29380.81,29291.31,29372.56,34403
2026-08-31T05:00:00+00:00,29372.56,29433.940000000002,29364.690000000002,29418.56,46720
2026-08-31T06:00:00+00:00,29418.56,29485.190000000002,29406.31,29473.940000000002,41008
2026-08-31T07:00:00+00:00,29473.940000000002,29478.940000000002,29450.190000000002,29465.81,42679
2026-08-31T08:00:00+00:00,29465.81,29492.190000000002,29432.56,29442.56,48424
2026-08-31T09:00:00+00:00,29442.56,29465.81,29402.940000000002,29408.440000000002,30553
2026-08-31T10:00:00+00:00,29408.440000000002,29428.56,29397.440000000002,29416.31,35527
2026-08-31T11:00:00+00:00,29416.31,29427.190000000002,29382.81,29386.56,48114
2026-08-31T12:00:00+00:00,29386.56,29439.440000000002,29336.940000000002,29346.940000000002,70106
2026-08-31T13:00:00+00:00,29346.940000000002,29474.09,29334.940000000002,29395.84,345817
2026-08-31T14:00:00+00:00,29395.84,29405.09,29312.960000000003,29373.09,272905
2026-08-31T15:00:00+00:00,29373.09,29402.34,29340.59,29346.34,170503
2026-08-31T16:00:00+00:00,29346.34,29400.460000000003,29320.84,29397.460000000003,114282
2026-08-31T17:00:00+00:00,29397.460000000003,29414.710000000003,29345.84,29399.210000000003,85740
2026-08-31T18:00:00+00:00,29399.210000000003,29418.34,29340.210000000003,29361.59,92984
2026-08-31T19:00:00+00:00,29361.59,29495.710000000003,29361.210000000003,29463.59,121531
2026-08-31T20:00:00+00:00,29463.59,29484.190000000002,29463.440000000002,29477.760000000002,25497
2026-08-31T22:00:00+00:00,29477.760000000002,29481.11,29450.24,29452.99,12738
2026-08-31T23:00:00+00:00,29452.99,29478.86,29446.24,29460.24,22980
2026-09-01T00:00:00+00:00,29460.24,29480.61,29437.74,29465.86,71448
2026-09-01T01:00:00+00:00,29465.86,29475.49,29434.49,29458.49,54229
2026-09-01T02:00:00+00:00,29458.49,29462.61,29395.24,29450.99,39136
2026-09-01T03:00:00+00:00,29450.99,29453.11,29418.74,29445.99,34980
2026-09-01T04:00:00+00:00,29445.99,29461.74,29425.74,29432.36,31257
2026-09-01T05:00:00+00:00,29432.36,29530.36,29406.61,29520.74,38068
2026-09-01T06:00:00+00:00,29520.74,29526.99,29473.24,29474.74,48374
2026-09-01T07:00:00+00:00,29474.74,29515.61,29389.81,29395.36,68267
2026-09-01T08:00:00+00:00,29395.36,29408.36,29191.06,29194.49,108867
2026-09-01T09:00:00+00:00,29194.49,29202.99,29143.24,29172.11,67807
2026-09-01T10:00:00+00:00,29172.11,29217.11,29156.81,29169.11,50546
2026-09-01T11:00:00+00:00,29169.11,29197.11,29126.86,29131.11,60009
2026-09-01T12:00:00+00:00,29131.11,29138.74,29082.36,29085.11,73961
2026-09-01T13:00:00+00:00,29085.11,29117.390000000003,29000.010000000002,29063.81,297664
2026-09-01T14:00:00+00:00,29063.81,29227.510000000002,29045.31,29188.010000000002,225384
2026-09-01T15:00:00+00:00,29188.01,29276.26,29140.01,29255.51,146196
2026-09-01T16:00:00+00:00,29255.51,29260.01,29092.51,29150.64,152495
2026-09-01T17:00:00+00:00,29150.64,29151.39,29063.51,29100.01,121620
2026-09-01T18:00:00+00:00,29100.01,29110.89,28962.26,29035.51,116209
2026-09-01T19:00:00+00:00,29035.51,29100.51,29031.01,29084.89,135864
2026-09-01T20:00:00+00:00,29084.89,29118.36,29072.86,29097.56,32034
2026-09-01T22:00:00+00:00,29097.56,29111.42,29065.3,29094.05,16310
2026-09-01T23:00:00+00:00,29094.05,29109.17,29082.92,29097.05,20105
2026-09-02T00:00:00+00:00,29097.05,29132.8,29066.8,29066.92,86718
2026-09-02T01:00:00+00:00,29066.92,29092.42,29010.92,29038.3,72799
2026-09-02T02:00:00+00:00,29038.3,29062.55,29007.8,29048.42,46595
2026-09-02T03:00:00+00:00,29048.42,29052.55,29009.05,29010.17,38568
2026-09-02T04:00:00+00:00,29010.17,29027.55,28998.55,29021.55,33282
2026-09-02T05:00:00+00:00,29021.55,29066.92,29000.67,29034.67,43589
2026-09-02T06:00:00+00:00,29034.67,29061.42,28979.55,29039.67,53619
2026-09-02T07:00:00+00:00,29039.67,29083.3,29013.67,29024.8,59358
2026-09-02T08:00:00+00:00,29024.8,29060.05,28917.92,28940.8,68678
2026-09-02T09:00:00+00:00,28940.8,28989.8,28903.8,28935.92,56689
2026-09-02T10:00:00+00:00,28935.92,28955.3,28910.55,28950.3,45701
2026-09-02T11:00:00+00:00,28950.3,29047.3,28890.3,29047.05,64080
2026-09-02T12:00:00+00:00,29047.05,29111.55,28996.17,29003.17,68698
2026-09-02T13:00:00+00:00,29003.17,29081.45,28980.95,29025.32,225775
2026-09-02T14:00:00+00:00,29025.32,29174.32,28996.2,29083.32,227721
2026-09-02T15:00:00+00:00,29083.32,29171.45,29070.45,29148.45,156726
2026-09-02T16:00:00+00:00,29148.45,29161.45,29100.57,29118.07,109405
2026-09-02T17:00:00+00:00,29118.07,29145.57,29089.07,29122.57,91548
2026-09-02T18:00:00+00:00,29122.57,29162.2,29093.7,29108.82,84432
2026-09-02T19:00:00+00:00,29108.82,29160.07,29102.82,29154.07,83234
2026-09-02T20:00:00+00:00,29154.07,29174.55,29102.67,29104.75,29926
2026-09-02T22:00:00+00:00,29104.75,29172.17,29104.75,29144.67,19163
2026-09-02T23:00:00+00:00,29144.67,29176.29,29131.67,29164.42,20916
2026-09-03T00:00:00+00:00,29164.42,29164.67,29105.04,29114.67,56389
2026-09-03T01:00:00+00:00,29114.67,29163.92,29099.92,29101.54,64822
2026-09-03T02:00:00+00:00,29101.54,29161.92,29096.92,29145.42,44309
2026-09-03T03:00:00+00:00,29145.42,29203.79,29143.79,29199.54,35629
2026-09-03T04:00:00+00:00,29199.54,29218.04,29168.54,29171.17,28781
2026-09-03T05:00:00+00:00,29171.17,29171.54,29039.92,29151.92,96835
2026-09-03T06:00:00+00:00,29151.92,29166.67,29123.29,29137.79,60908
2026-09-03T07:00:00+00:00,29137.79,29209.17,29123.54,29183.29,75270
2026-09-03T08:00:00+00:00,29183.29,29255.79,29177.04,29180.42,78423
2026-09-03T09:00:00+00:00,29180.42,29188.92,29091.17,29100.67,51389
2026-09-03T10:00:00+00:00,29100.67,29121.79,29069.67,29092.04,50827
2026-09-03T11:00:00+00:00,29092.04,29147.99,29065.92,29068.67,64709
2026-09-03T12:00:00+00:00,29068.67,29222.29,29067.54,29208.42,97193
2026-09-03T13:00:00+00:00,29208.42,29338.57,29159.79,29295.49,279012
2026-09-03T14:00:00+00:00,29295.49,29329.82,29207.07,29326.82,327885
2026-09-03T15:00:00+00:00,29326.82,29506.19,29326.82,29502.19,177256
2026-09-03T16:00:00+00:00,29502.19,29506.69,29446.94,29491.94,109440
2026-09-03T17:00:00+00:00,29491.94,29516.32,29440.69,29507.44,88479
2026-09-03T18:00:00+00:00,29507.44,29547.69,29507.44,29531.94,75608
2026-09-03T19:00:00+00:00,29531.94,29534.19,29473.69,29496.69,91830
2026-09-03T20:00:00+00:00,29496.69,29499.54,29462.79,29466.49,19811
2026-09-03T22:00:00+00:00,29466.49,29472.52,29443.27,29469.4,11888
2026-09-03T23:00:00+00:00,29469.4,29477.27,29459.4,29464.77,15258
2026-09-04T00:00:00+00:00,29464.77,29502.4,29456.77,29491.15,40906
2026-09-04T01:00:00+00:00,29491.15,29509.27,29477.9,29508.9,35419
2026-09-04T02:00:00+00:00,29508.9,29527.65,29498.15,29525.4,22570
2026-09-04T03:00:00+00:00,29525.4,29539.15,29518.27,29531.15,15682
2026-09-04T04:00:00+00:00,29531.15,29561.52,29518.02,29558.4,18077
2026-09-04T05:00:00+00:00,29558.4,29603.4,29552.4,29580.52,24555
2026-09-04T06:00:00+00:00,29580.52,29604.4,29534.65,29537.15,37636
2026-09-04T07:00:00+00:00,29537.15,29618.77,29536.15,29613.9,44896
2026-09-04T08:00:00+00:00,29613.9,29633.4,29596.27,29618.52,51658
2026-09-04T09:00:00+00:00,29618.52,29622.27,29577.52,29617.77,32945
2026-09-04T10:00:00+00:00,29617.77,29661.47,29614.72,29641.77,30229
2026-09-04T11:00:00+00:00,29641.77,29650.02,29611.9,29642.65,35399
2026-09-04T12:00:00+00:00,29642.65,29652.47,29463.15,29507.15,133983
2026-09-04T13:00:00+00:00,29507.15,29652.17,29484.15,29651.67,250077
2026-09-04T14:00:00+00:00,29651.67,29651.67,29460.17,29481.8,276809
2026-09-04T15:00:00+00:00,29481.8,29503.92,29440.67,29476.05,164409
2026-09-04T16:00:00+00:00,29476.05,29556.8,29466.55,29536.92,93857
2026-09-04T17:00:00+00:00,29536.92,29540.67,29429.67,29452.8,90358
2026-09-04T18:00:00+00:00,29452.8,29503.3,29432.92,29499.92,71365
2026-09-04T19:00:00+00:00,29499.92,29547.55,29467.92,29531.42,83375
2026-09-04T20:00:00+00:00,29531.42,29531.42,29475.02,29490.97,19481
2026-09-06T22:00:00+00:00,29490.97,29564.59,29490.97,29546.47,8091
2026-09-06T23:00:00+00:00,29546.47,29552.09,29510.97,29527.84,23150
2026-09-07T00:00:00+00:00,29527.84,29552.59,29505.59,29507.59,51718
2026-09-07T01:00:00+00:00,29507.59,29565.22,29502.47,29564.09,56172
2026-09-07T02:00:00+00:00,29564.09,29591.09,29541.22,29553.09,32944
2026-09-07T03:00:00+00:00,29553.09,29592.34,29541.97,29555.97,29763
2026-09-07T04:00:00+00:00,29555.97,29569.84,29539.34,29567.47,26387
2026-09-07T05:00:00+00:00,29567.47,29609.09,29547.59,29579.84,33475
2026-09-07T06:00:00+00:00,29579.84,29651.47,29578.59,29632.97,37732
2026-09-07T07:00:00+00:00,29632.97,29652.84,29586.84,29627.59,53857
2026-09-07T08:00:00+00:00,29627.59,29633.72,29605.84,29613.59,46236
2026-09-07T09:00:00+00:00,29613.59,29623.72,29571.34,29576.72,30079
2026-09-07T10:00:00+00:00,29576.72,29590.47,29538.72,29544.97,32214
2026-09-07T11:00:00+00:00,29544.84,29549.22,29505.09,29514.22,24886
2026-09-07T12:00:00+00:00,29514.22,29559.34,29505.84,29557.72,23794
2026-09-07T13:00:00+00:00,29557.72,29615.370000000003,29545.84,29588.620000000003,44625
2026-09-07T14:00:00+00:00,29588.620000000003,29604.870000000003,29560.24,29561.99,37278
2026-09-07T15:00:00+00:00,29561.99,29579.620000000003,29533.870000000003,29562.74,35360
2026-09-07T16:00:00+00:00,29562.74,29583.74,29559.24,29573.74,17016
2026-09-07T17:00:00+00:00,29573.74,29573.870000000003,29573.74,29573.870000000003,1
2026-09-07T22:00:00+00:00,29573.870000000003,29594.11,29512.61,29529.86,20253
2026-09-07T23:00:00+00:00,29529.86,29570.74,29496.99,29556.61,24778
2026-09-08T00:00:00+00:00,29556.61,29613.99,29546.99,29604.74,73983
2026-09-08T01:00:00+00:00,29604.74,29681.61,29585.11,29678.11,56593
2026-09-08T02:00:00+00:00,29678.11,29693.49,29632.61,29633.61,36942
2026-09-08T03:00:00+00:00,29633.61,29719.24,29632.74,29714.74,36342
2026-09-08T04:00:00+00:00,29714.74,29736.74,29700.99,29709.36,32822
2026-09-08T05:00:00+00:00,29709.36,29711.99,29582.36,29584.11,81668
2026-09-08T06:00:00+00:00,29584.11,29594.11,29518.61,29572.36,93434
2026-09-08T07:00:00+00:00,29572.36,29611.49,29501.99,29507.36,83796
2026-09-08T08:00:00+00:00,29507.36,29513.24,29450.74,29479.36,125391
2026-09-08T09:00:00+00:00,29479.36,29572.99,29456.74,29572.24,62941
2026-09-08T10:00:00+00:00,29572.24,29620.99,29518.86,29540.11,52104
2026-09-08T11:00:00+00:00,29540.11,29574.36,29506.49,29572.99,63917
2026-09-08T12:00:00+00:00,29572.99,29626.86,29520.49,29626.49,75761
2026-09-08T13:00:00+00:00,29626.49,29659.140000000003,29428.260000000002,29475.510000000002,342540
2026-09-08T14:00:00+00:00,29475.510000000002,29536.010000000002,29397.510000000002,29535.510000000002,312015
2026-09-08T15:00:00+00:00,29535.510000000002,29617.640000000003,29518.640000000003,29577.260000000002,149952
2026-09-08T16:00:00+00:00,29577.260000000002,29594.760000000002,29522.140000000003,29545.390000000003,129093
2026-09-08T17:00:00+00:00,29545.390000000003,29614.260000000002,29544.510000000002,29562.760000000002,92009
2026-09-08T18:00:00+00:00,29562.760000000002,29588.390000000003,29492.390000000003,29548.640000000003,122937
2026-09-08T19:00:00+00:00,29548.640000000003,29559.010000000002,29469.390000000003,29515.390000000003,133197
2026-09-08T20:00:00+00:00,29515.390000000003,29523.24,29475.99,29498.440000000002,32378
2026-09-08T22:00:00+00:00,29498.440000000002,29522.7,29479.15,29520.33,20812
2026-09-08T23:00:00+00:00,29520.33,29521.58,29465.33,29475.45,20940
2026-09-09T00:00:00+00:00,29475.45,29538.08,29474.45,29535.7,64147
2026-09-09T01:00:00+00:00,29535.7,29583.33,29531.33,29568.58,44544
2026-09-09T02:00:00+00:00,29568.58,29600.7,29559.15,29586.45,33282
2026-09-09T03:00:00+00:00,29586.45,29589.58,29535.95,29537.58,39818
2026-09-09T04:00:00+00:00,29537.58,29595.58,29524.58,29589.83,40811
2026-09-09T05:00:00+00:00,29589.83,29597.08,29538.08,29596.58,52350
2026-09-09T06:00:00+00:00,29596.58,29609.2,29553.33,29556.33,46398
2026-09-09T07:00:00+00:00,29556.33,29589.08,29534.08,29564.08,60677
2026-09-09T08:00:00+00:00,29564.08,29584.95,29514.58,29540.08,65858
2026-09-09T09:00:00+00:00,29540.08,29550.7,29364.08,29375.95,67023
2026-09-09T10:00:00+00:00,29375.95,29407.7,29344.33,29366.83,93954
2026-09-09T11:00:00+00:00,29366.83,29426.95,29351.83,29371.7,93484
2026-09-09T12:00:00+00:00,29371.7,29379.33,29308.33,29365.95,76657
2026-09-09T13:00:00+00:00,29365.95,29542.730000000003,29357.83,29534.480000000003,304810
2026-09-09T14:00:00+00:00,29534.480000000003,29569.350000000002,29435.600000000002,29504.350000000002,295876
2026-09-09T15:00:00+00:00,29504.350000000002,29538.100000000002,29333.850000000002,29423.350000000002,285128
2026-09-09T16:00:00+00:00,29423.350000000002,29453.730000000003,29362.730000000003,29433.600000000002,119984
2026-09-09T17:00:00+00:00,29433.600000000002,29459.600000000002,29404.480000000003,29444.350000000002,106886
2026-09-09T18:00:00+00:00,29444.350000000002,29449.980000000003,29412.480000000003,29423.350000000002,78049
2026-09-09T19:00:00+00:00,29423.350000000002,29447.100000000002,29399.230000000003,29430.730000000003,85139
2026-09-09T20:00:00+00:00,29430.730000000003,29435.530000000002,29404.65,29435.4,19290
2026-09-09T22:00:00+00:00,29435.4,29448.31,29399.440000000002,29407.06,14563
2026-09-09T23:00:00+00:00,29407.06,29446.190000000002,29391.81,29439.06,20060
2026-09-10T00:00:00+00:00,29439.06,29455.690000000002,29384.260000000002,29389.31,73400
2026-09-10T01:00:00+00:00,29389.31,29402.31,29339.940000000002,29386.31,92250
2026-09-10T02:00:00+00:00,29386.31,29398.31,29348.31,29393.940000000002,59136
2026-09-10T03:00:00+00:00,29393.940000000002,29412.56,29364.190000000002,29403.31,44678
2026-09-10T04:00:00+00:00,29403.31,29437.690000000002,29397.940000000002,29434.440000000002,30570
2026-09-10T05:00:00+00:00,29434.440000000002,29483.940000000002,29424.06,29460.190000000002,41703
2026-09-10T06:00:00+00:00,29460.190000000002,29468.440000000002,29411.190000000002,29452.06,52193
2026-09-10T07:00:00+00:00,29452.06,29453.440000000002,29393.190000000002,29419.440000000002,60102
2026-09-10T08:00:00+00:00,29419.440000000002,29435.56,29381.190000000002,29388.06,68894
2026-09-10T09:00:00+00:00,29388.06,29406.190000000002,29335.190000000002,29381.81,53829
2026-09-10T10:00:00+00:00,29381.81,29398.81,29339.190000000002,29350.81,67614
2026-09-10T11:00:00+00:00,29344.56,29345.690000000002,29239.010000000002,29239.440000000002,67482
2026-09-10T12:00:00+00:00,29239.440000000002,29254.31,29019.31,29032.940000000002,181700
2026-09-10T13:00:00+00:00,29032.940000000002,29178.960000000003,29020.010000000002,29075.960000000003,423611
2026-09-10T14:00:00+00:00,29075.960000000003,29251.210000000003,29073.34,29239.59,371550
2026-09-10T15:00:00+00:00,29238.84,29248.21,29162.09,29180.21,195750
2026-09-10T16:00:00+00:00,29180.21,29217.96,29110.21,29208.84,164014
2026-09-10T17:00:00+00:00,29208.84,29241.34,29152.09,29161.96,106632
2026-09-10T18:00:00+00:00,29161.96,29175.46,29122.96,29149.96,104912
2026-09-10T19:00:00+00:00,29149.96,29151.46,29100.09,29114.96,113691
2026-09-10T20:00:00+00:00,29114.96,29132.31,29102.19,29118.26,29624
2026-09-10T22:00:00+00:00,29118.26,29134.22,29077.97,29084.09,21955
2026-09-10T23:00:00+00:00,29084.09,29091.97,29039.97,29041.72,28262
2026-09-11T00:00:00+00:00,29041.72,29142.72,29039.97,29137.34,90358
2026-09-11T01:00:00+00:00,29137.34,29147.59,29081.72,29106.34,74541
2026-09-11T02:00:00+00:00,29106.34,29114.84,29059.72,29069.84,53217
2026-09-11T03:00:00+00:00,29069.84,29073.72,29025.97,29036.47,61123
2026-09-11T04:00:00+00:00,29036.47,29127.97,29018.59,29101.47,68965
2026-09-11T05:00:00+00:00,29101.47,29219.59,29096.97,29210.84,69896
2026-09-11T06:00:00+00:00,29210.84,29237.97,29192.47,29231.34,69496
2026-09-11T07:00:00+00:00,29231.34,29245.22,29204.72,29219.22,59222
2026-09-11T08:00:00+00:00,29219.22,29300.84,29201.84,29300.84,78113
2026-09-11T09:00:00+00:00,29300.84,29310.22,29266.72,29296.72,43260
2026-09-11T10:00:00+00:00,29296.72,29316.47,29263.54,29287.09,42259
2026-09-11T11:00:00+00:00,29287.09,29314.47,29267.09,29300.47,46767
2026-09-11T12:00:00+00:00,29300.47,29452.47,29186.04,29445.97,151294
2026-09-11T13:00:00+00:00,29445.97,29475.97,29326.24,29449.62,338981
2026-09-11T14:00:00+00:00,29449.62,29449.62,29312.49,29348.12,358889
2026-09-11T15:00:00+00:00,29348.12,29476.37,29338.99,29427.74,173701
2026-09-11T16:00:00+00:00,29427.74,29462.37,29369.99,29414.12,128564
2026-09-11T17:00:00+00:00,29414.12,29456.24,29413.49,29429.99,80506
2026-09-11T18:00:00+00:00,29429.99,29437.49,29396.62,29406.24,73351
2026-09-11T19:00:00+00:00,29406.24,29410.74,29358.24,29364.74,85748
2026-09-11T20:00:00+00:00,29364.74,29373.59,29353.34,29366.79,20121
